,primary_study_duration_days,study_duration_days,number_of_conditions,number_of_groups,age_group,num_locations,number_of_intervention_types,sponsor_type,intervention_model,resp_party,has_dmc,allocation,masking,protocolSection_designModule_enrollmentInfo_count,protocolSection_eligibilityModule_healthyVolunteers,treatment_purpose,diagnostic_purpose,prevention_purpose,supportive_purpose,procedure_intervention,device_intervention,behavioral_intervention,drug_intervention,radiation_intervention,biological_intervention,os_outcome_measure,dor_outcome_measure,ae_outcome_measure,primary_max_days,secondary_max_days,"protocolSection_designModule_phases_['PHASE2', 'PHASE3']",protocolSection_designModule_phases_['PHASE3']
428,626,1416,2,2,1,75,4,1,1,1,1,1,0,371,0,1,0,0,0,0,0,0,1,0,0,1,0,0,627,627,0,1
1233,655,655,1,2,1,1,2,0,1,1,0,1,4,91,0,1,0,0,0,0,0,0,1,0,0,0,0,0,28,168,0,1
1522,1433,1614,1,2,1,0,2,1,1,1,1,1,4,1245,0,1,0,0,0,0,0,0,1,0,0,0,0,0,1825,1825,0,1
1296,455,455,2,3,1,2,2,0,2,0,0,1,0,245,1,0,0,1,0,0,0,1,0,0,0,0,0,0,28,28,0,1
31,3567,3567,1,2,1,112,2,0,1,0,1,1,0,717,0,0,1,0,0,0,0,0,1,0,0,1,0,0,540,2920,0,1
651,1379,1959,1,2,1,4,2,0,1,1,1,1,0,434,0,1,0,0,0,0,0,0,1,1,0,1,0,0,1095,1095,1,0
210,1757,2261,1,2,1,247,3,1,1,1,1,1,2,902,0,1,0,0,0,0,0,0,1,0,0,1,1,1,1740,2220,0,1
439,535,627,2,2,1,11,2,0,1,1,0,1,2,42,0,1,0,0,0,0,0,0,1,0,0,0,0,0,180,180,0,1
1049,950,1174,1,3,1,129,5,1,1,1,1,1,0,335,0,1,0,0,0,0,0,0,1,0,0,1,0,1,900,900,0,1
1145,1162,1180,1,1,1,31,1,1,0,1,1,1,0,300,0,0,1,0,0,0,0,0,0,0,0,0,0,0,90,1825,0,1
214,945,1035,1,1,1,1,1,0,0,0,1,1,0,34,1,1,0,0,0,0,0,0,0,0,1,0,0,1,0,364,0,1
602,600,919,2,2,1,124,2,1,1,1,1,1,4,433,0,1,0,0,0,0,0,0,1,0,0,0,0,1,0,1825,0,1
1429,760,888,1,1,1,29,1,1,0,1,1,1,0,137,0,1,0,0,0,0,0,0,1,0,0,0,0,1,336,336,0,1
1023,2000,2000,1,2,1,2,2,1,1,1,1,1,0,290,0,1,0,0,0,0,0,0,1,0,0,1,1,1,1050,1050,0,1
1457,1077,1772,1,2,1,49,5,1,1,1,0,1,0,196,0,1,0,0,0,0,0,0,1,0,1,1,1,1,480,1380,1,0
326,523,523,1,1,1,1,2,0,0,0,0,1,0,1,0,1,0,0,0,0,0,0,1,0,0,1,0,0,1080,1080,1,0
590,638,638,1,1,0,1,1,0,0,0,0,1,0,9,0,0,0,0,0,0,0,0,0,0,0,0,0,0,0,14,0,1
1231,289,289,1,1,1,1,1,0,0,1,1,1,0,11,1,0,1,0,0,0,0,0,1,0,0,0,0,0,0,1825,0,1
188,690,1079,1,2,1,1,2,1,1,1,0,1,2,450,0,1,0,0,0,0,0,0,1,0,0,1,0,0,126,600,0,1
838,1519,1519,1,2,1,7,2,0,1,0,1,1,3,1108,0,0,0,1,0,0,0,0,1,0,0,0,0,0,730,730,1,0
1068,864,1495,12,2,1,18,3,0,1,1,1,1,0,300,0,0,0,0,1,0,0,0,1,0,0,0,0,0,180,180,0,1
341,1027,2834,1,2,1,437,1,1,1,1,1,0,0,2577,0,1,0,0,0,0,0,0,1,0,0,1,0,1,1095,2920,0,1
147,365,426,1,3,1,1,3,0,1,0,1,1,0,336,0,0,0,1,0,0,0,0,1,0,0,0,0,0,1,1,1,0
360,506,506,2,2,1,1,2,1,1,1,0,1,4,122,0,1,0,0,0,0,0,0,1,0,0,0,0,0,21,84,0,1
83,1042,1407,1,2,1,86,2,1,1,1,1,1,3,568,0,0,0,1,0,0,0,0,1,0,1,0,0,1,30,1825,0,1
48,1371,1371,1,2,1,11,2,0,1,1,0,1,0,366,0,1,0,0,0,0,0,0,1,0,0,1,0,1,42,720,0,1
468,1673,1673,1,2,1,94,2,1,1,1,1,1,4,408,0,1,0,0,0,0,0,0,1,0,0,1,0,0,1825,1825,0,1
155,694,694,2,2,1,90,2,1,1,1,0,1,4,637,0,1,0,0,0,0,0,0,1,0,0,0,0,0,0,1825,0,1
1269,1708,2226,1,2,1,97,4,1,1,1,1,1,4,291,0,1,0,0,0,0,0,0,1,0,0,1,1,0,180,360,0,1
1142,731,1280,1,3,1,14,2,1,1,1,1,0,0,43,0,1,0,0,0,0,0,0,1,0,0,1,0,0,168,730,1,0
965,1437,1483,3,1,1,3,1,0,0,0,1,1,0,35,0,0,1,0,0,0,0,0,1,0,0,0,0,1,0,1825,0,1
1334,1188,1553,1,2,1,0,2,1,1,1,1,1,4,130,0,1,0,0,0,0,0,0,1,0,0,0,1,0,0,28,0,1
500,1134,1134,1,1,1,65,1,1,0,1,0,1,0,161,0,1,0,0,0,0,0,0,1,0,0,0,0,1,780,780,0,1
179,1470,1470,1,2,1,6,1,1,1,1,1,1,0,176,0,1,0,0,0,0,0,0,1,0,0,0,0,0,714,1825,1,0
1470,1022,2088,1,1,1,67,1,1,0,1,1,1,0,258,0,1,0,0,0,0,0,0,1,0,0,1,1,0,60,60,0,1
812,2215,2215,1,4,1,68,4,0,1,0,1,1,0,564,0,1,0,0,0,0,0,0,1,0,0,1,1,1,1080,2400,0,1
1433,1274,2528,1,2,1,387,3,1,1,1,1,1,0,700,0,1,0,0,0,0,0,0,0,0,1,1,1,1,1230,2100,0,1
528,574,1619,1,2,1,17,3,1,1,1,1,1,3,27,0,1,0,0,0,0,0,0,1,0,1,1,0,1,540,810,0,1
346,1099,1099,1,3,1,47,3,1,1,1,0,1,3,457,0,1,0,0,0,0,0,0,1,0,0,0,0,0,0,1825,0,1
1449,334,334,1,2,1,1,2,1,1,1,0,1,0,200,0,1,0,0,0,0,0,0,1,0,0,0,0,0,3,56,0,1
1598,2073,2073,1,2,1,177,2,1,1,1,1,1,3,1182,0,1,0,0,0,0,0,0,0,0,1,1,0,0,1740,1740,0,1
865,756,1190,2,3,1,127,4,1,1,1,1,1,3,382,0,1,0,0,0,0,0,0,1,0,0,0,0,1,35,168,0,1
780,3074,3074,3,5,1,8,5,0,1,2,1,1,0,202,0,1,0,0,0,0,0,0,1,0,0,0,0,0,1800,1800,0,1
1284,1100,1100,2,2,1,1,3,0,1,2,1,1,4,196,0,0,0,1,0,0,0,0,1,0,0,0,0,1,270,1095,0,1
243,974,1004,3,2,1,1,2,0,1,1,1,1,2,50,0,1,0,0,0,0,0,0,1,0,0,0,0,0,0,30,0,1
1201,1248,1248,1,1,1,91,1,1,0,1,0,1,0,74,0,1,0,0,0,0,0,0,1,0,0,1,1,1,7,30,0,1
312,1011,1973,3,2,1,0,4,1,1,1,1,1,4,432,0,1,0,0,0,0,0,0,1,0,0,0,0,0,0,1825,0,1
435,372,391,1,4,0,1,1,1,1,1,0,1,3,1100,1,0,0,1,0,0,0,0,0,0,1,0,0,1,0,30,0,1
1546,766,766,1,1,1,31,1,1,0,1,0,1,0,200,0,1,0,0,0,0,0,0,1,0,0,0,0,1,0,1825,0,1
1582,434,437,2,2,1,1,2,0,1,1,1,1,4,34,0,1,0,0,0,0,0,0,1,0,0,0,0,0,0,1,0,1
308,2667,2667,1,1,1,299,5,1,0,1,1,1,0,1436,0,1,0,0,0,0,0,0,1,0,0,1,1,1,210,1080,0,1
430,1040,1173,1,2,1,95,2,1,1,1,1,1,0,302,0,1,0,0,0,0,0,0,1,0,0,1,0,1,1020,1140,0,1
370,1936,1936,1,2,1,1,6,0,1,0,1,1,0,647,0,1,0,0,0,0,0,0,1,0,0,1,0,0,0,0,0,1
936,303,303,1,1,1,25,1,1,0,1,0,1,0,715,1,1,0,0,0,0,0,0,0,0,1,0,0,0,0,30,0,1
181,920,1683,1,2,1,162,2,1,1,1,1,1,0,1134,0,1,0,0,0,0,0,0,1,0,0,0,0,0,0,1,0,1
628,1052,2194,1,2,1,125,3,1,1,1,1,1,0,560,0,1,0,0,0,0,0,0,1,1,0,1,0,0,1095,2190,0,1
1085,1874,1874,1,2,1,82,3,1,1,1,1,1,3,150,0,1,0,0,0,0,0,0,1,0,0,0,0,0,0,90,0,1
819,700,852,1,2,1,1,3,0,1,1,1,1,4,34,0,1,0,0,0,1,0,0,1,0,0,0,0,1,28,168,0,1
1595,910,1087,1,2,1,25,2,1,1,1,1,1,4,315,0,1,0,0,0,0,0,0,0,0,1,0,0,0,0,224,0,1
296,304,394,2,2,1,2,4,0,1,1,1,1,1,40,0,1,0,0,0,0,0,0,1,0,0,0,0,0,56,56,0,1
808,578,639,4,3,2,1,3,0,1,0,1,1,0,315,0,1,0,0,0,0,0,0,1,0,0,0,0,0,0,1825,0,1
461,1922,2451,1,2,1,78,3,0,1,1,1,1,0,632,0,1,0,0,0,0,0,0,1,0,0,1,0,1,450,210,0,1
1597,365,365,1,4,1,1,2,0,1,1,0,1,0,120,0,1,0,0,0,0,1,0,1,0,0,1,0,0,90,1095,1,0
1358,2070,2070,1,2,1,1,3,0,1,0,0,1,0,576,0,1,0,0,0,0,0,0,1,0,0,1,0,1,0,1825,0,1
377,2537,3633,1,2,1,131,2,0,1,1,1,1,0,421,0,1,0,0,0,0,0,0,1,0,0,0,0,0,1800,1825,0,1
1108,1476,1613,1,2,0,3,2,0,1,0,1,1,4,42,0,1,0,0,0,0,0,0,1,0,0,0,0,0,252,252,0,1
126,1127,1127,1,1,1,31,1,1,0,1,0,1,0,49,0,1,0,0,0,0,0,0,0,0,1,0,0,0,0,1825,0,1
1383,334,334,1,3,1,23,3,1,1,1,0,1,4,589,0,0,0,0,0,0,0,0,1,0,0,0,0,0,98,1825,0,1
1053,1583,1583,1,2,1,26,2,0,1,1,1,1,0,496,0,1,0,0,0,0,0,0,1,0,0,1,0,1,1080,1080,0,1
355,872,2153,1,2,1,229,2,1,1,1,1,1,0,402,0,1,0,0,0,0,0,0,1,0,0,1,0,1,539,749,0,1
1323,886,886,1,2,1,1,2,1,1,1,0,1,4,549,0,1,0,0,0,0,0,0,1,0,0,1,1,0,21,360,0,1
209,1278,1278,4,2,1,1,2,0,1,0,1,1,0,350,0,1,0,0,0,0,0,0,1,1,0,1,0,0,0,60,1,0
140,183,487,1,3,1,1,3,0,1,0,1,1,2,90,0,0,0,0,0,0,0,0,1,0,0,0,0,0,1,1,0,1
1170,548,548,2,2,1,26,2,1,1,1,1,1,4,218,0,0,0,0,1,0,0,0,1,0,0,0,0,0,21,147,0,1
1089,533,533,3,2,1,42,3,1,1,1,1,1,0,107,0,1,0,0,0,0,0,0,1,0,0,0,0,0,0,1825,0,1
907,2227,2846,2,2,1,24,2,0,1,1,0,1,0,108,0,1,0,0,0,0,0,0,1,0,0,1,0,1,180,1080,1,0
1288,577,577,4,2,1,7,2,0,2,0,0,0,0,80,0,0,1,0,0,0,0,0,0,0,0,0,0,0,730,730,0,1
982,365,365,1,4,1,1,2,0,1,1,1,1,0,120,0,1,0,0,0,0,1,0,1,0,0,1,0,0,90,1095,1,0
619,1308,1308,2,2,1,1,2,0,0,2,1,1,4,327,1,1,0,0,0,0,0,0,1,0,0,0,0,0,60,180,0,1
1155,2647,2647,2,3,1,212,4,1,1,1,1,1,3,691,0,1,0,0,0,0,0,0,1,1,0,1,0,0,150,150,0,1
598,391,532,2,2,2,1,2,0,1,0,1,1,4,50,0,0,0,0,1,0,0,0,1,0,0,0,0,0,0,0,0,1
986,551,566,1,2,1,1,2,0,1,1,0,1,3,80,0,0,0,0,0,0,0,0,1,0,0,0,0,0,1,1,0,1
10,1338,1338,2,2,1,56,8,1,1,1,1,1,0,178,0,1,0,0,0,0,0,0,1,0,0,1,1,1,1095,1095,0,1
1417,2100,2100,10,2,0,84,1,0,1,1,1,1,1,624,0,0,0,0,1,0,0,0,1,0,0,0,0,1,60,360,0,1
282,1070,1599,1,2,1,117,4,1,1,1,1,1,4,770,0,1,0,0,0,0,0,0,1,1,1,1,1,0,1148,1148,0,1
291,777,1368,1,4,1,149,8,1,1,1,1,1,4,730,0,1,0,0,0,1,0,0,1,0,0,1,1,1,750,1095,0,1
674,2283,2283,1,2,1,2,2,0,1,2,0,1,0,164,0,1,0,0,0,0,1,0,1,0,0,0,0,1,0,1825,0,1
721,1488,2051,1,2,1,13,2,1,1,1,1,1,4,78,0,0,1,0,0,0,0,0,1,0,0,1,0,0,1080,1080,0,1
129,2990,2992,1,2,1,1,4,0,1,0,1,1,0,1100,0,1,0,0,0,0,0,0,1,1,0,1,0,0,1095,1095,0,1
323,1158,1158,1,2,1,1,2,0,1,1,0,1,0,2,0,1,0,0,0,1,0,0,1,0,0,1,0,0,1825,1825,0,1
806,1857,2588,1,2,1,1,2,0,1,1,0,1,0,618,0,1,0,0,0,0,0,0,1,0,0,1,0,0,60,730,0,1
584,1737,1737,2,1,2,1,3,0,0,1,1,1,0,1138,0,0,1,0,0,1,0,0,0,1,0,0,0,1,360,360,0,1
1305,1886,1886,2,2,1,1,6,0,1,0,0,1,0,145,0,1,0,0,0,1,0,0,1,0,0,0,0,0,5,49,0,1
599,2198,2198,2,2,1,11,2,0,1,1,0,1,2,24,0,1,0,0,0,0,0,0,1,0,0,0,0,1,1095,1095,0,1
1132,1081,3834,1,2,1,132,4,1,1,1,1,1,0,376,0,1,0,0,0,0,0,0,1,0,0,1,1,0,1020,1020,0,1
781,2041,2041,1,2,1,4,1,0,1,1,1,1,0,300,0,0,0,0,1,0,0,0,0,0,0,0,0,0,1095,100,0,1
1202,365,517,1,1,1,1,1,0,0,0,0,1,0,79,0,0,0,0,1,0,0,1,0,0,0,0,0,0,56,56,0,1
158,1226,3753,1,2,1,290,2,1,1,1,1,1,2,1651,0,1,0,0,0,0,0,0,1,0,0,0,0,0,1095,1095,0,1
682,1510,1510,2,2,1,3,2,0,1,0,0,1,1,405,0,0,0,0,1,0,0,1,0,0,0,0,0,0,0,1825,0,1
516,3335,3335,2,2,1,1,2,0,1,0,1,1,0,332,0,1,0,0,0,0,0,0,1,0,0,1,0,1,3600,3600,0,1
1163,513,513,1,2,1,1,2,0,1,0,1,1,1,66,0,1,0,0,0,0,0,0,1,0,0,0,0,1,180,180,0,1
195,153,184,5,2,1,1,2,0,0,0,1,0,1,350,0,0,1,0,0,0,1,0,0,0,0,0,0,1,2,14,0,1
1346,1456,1642,1,2,1,22,2,0,1,1,1,1,2,298,0,1,0,0,0,0,0,0,1,0,0,0,0,0,10,42,0,1
1087,2203,2203,1,1,1,175,1,1,0,1,1,1,0,1004,0,1,0,0,0,0,0,0,1,0,0,1,1,1,2190,2190,0,1
410,682,2516,1,2,1,205,3,1,1,1,1,1,0,704,0,1,0,0,0,0,0,0,1,0,0,1,1,0,2190,2190,0,1
96,533,533,1,2,1,52,6,1,1,1,1,1,4,226,0,1,0,0,0,0,0,0,1,0,1,0,0,0,0,1825,0,1
692,943,1827,1,2,1,78,2,1,1,1,1,1,0,377,0,1,0,0,0,0,0,0,1,0,0,1,0,1,63,63,0,1
1206,1086,1086,1,2,1,69,1,1,0,1,1,1,0,165,0,1,0,0,0,0,0,0,1,0,0,0,0,1,600,1825,0,1
156,1857,1977,1,3,1,17,4,1,1,1,1,1,3,171,0,1,0,0,0,0,0,0,1,0,0,0,0,0,1440,1825,0,1
419,2138,2138,1,2,1,41,4,1,2,1,0,1,0,287,0,1,0,0,0,0,0,0,1,0,0,0,0,1,1080,1080,0,1
756,1996,1996,2,2,0,1,1,0,1,0,0,1,0,66,0,0,0,0,1,0,0,1,0,0,0,0,0,0,56,56,0,1
477,999,2050,1,2,1,225,4,1,1,1,1,1,4,970,0,1,0,0,0,0,0,0,1,0,0,1,0,0,1095,1095,0,1
1181,761,1767,2,2,1,113,3,1,1,1,1,1,0,466,0,1,0,0,0,0,0,0,1,0,0,1,1,1,21,1740,0,1
764,1635,1635,1,2,1,1,4,1,1,1,1,1,4,397,0,1,0,0,0,0,0,0,1,0,0,1,1,0,480,480,0,1
1063,153,153,1,3,1,1,2,0,1,0,0,1,0,180,1,0,0,0,1,0,0,0,0,0,0,0,0,0,0,1825,0,1
447,3378,3378,1,4,0,17,2,0,1,0,1,1,0,700,0,1,0,0,0,0,0,0,1,0,0,0,0,0,3285,3285,0,1
900,2014,2014,1,2,0,32,2,0,1,1,1,1,3,306,0,1,0,0,0,0,0,0,1,0,0,0,0,0,1095,730,0,1
178,1210,2078,1,3,1,242,4,1,1,1,1,1,0,1021,0,1,0,0,0,0,0,0,1,0,0,1,1,1,1170,2040,0,1
390,1232,1384,1,2,1,4,2,1,1,1,1,1,4,317,0,1,0,0,0,0,0,0,0,0,1,1,1,1,0,364,0,1
578,1092,2750,1,2,1,1,2,0,1,1,0,1,0,265,0,1,0,0,0,1,0,0,0,0,0,1,0,0,0,1825,0,1
1401,334,610,4,2,1,41,2,1,1,1,1,1,4,316,0,0,0,0,1,0,0,0,1,0,0,0,0,1,21,287,0,1
867,1332,1399,1,2,1,83,2,1,1,1,1,1,0,209,0,1,0,0,0,0,1,0,1,0,0,1,0,0,240,1095,0,1
1347,1552,1552,1,2,1,61,2,1,1,1,1,1,4,556,0,1,0,0,0,0,0,0,1,0,0,1,0,0,1825,1825,0,1
1094,1430,1977,2,1,1,9,1,1,0,1,1,1,0,75,0,1,0,0,0,0,1,0,0,0,0,0,0,1,180,360,1,0
1604,487,487,1,2,1,35,3,1,1,1,0,1,2,367,0,1,0,0,0,1,0,0,1,0,0,0,0,0,77,1825,0,1
845,768,2898,1,2,1,13,2,1,1,1,0,1,0,29,0,1,0,0,0,0,0,0,1,0,0,0,0,0,720,1825,0,1
142,973,1004,1,1,1,16,1,1,0,1,1,1,0,64,0,1,0,0,0,0,0,0,1,0,0,0,0,0,540,1825,0,1
1239,658,2416,1,2,1,1,2,1,1,1,0,1,2,281,0,1,0,0,0,0,0,0,1,0,0,0,0,0,84,84,0,1
938,1142,1142,1,1,1,1,1,0,0,1,1,1,0,21,0,0,1,0,0,0,1,0,0,0,0,0,0,0,0,1825,0,1
886,976,1500,1,1,1,72,1,1,0,1,0,0,0,279,0,1,0,0,0,0,0,0,1,0,0,1,0,0,960,1290,0,1
777,2557,3469,1,2,1,1,2,0,1,0,1,1,3,321,0,1,0,0,0,1,0,0,0,0,0,1,0,1,1095,3650,0,1
615,3112,3120,1,1,1,22,1,1,0,1,0,1,0,112,0,1,0,0,0,0,0,0,1,0,0,0,1,1,900,900,0,1
294,1314,1616,1,2,1,198,4,1,1,1,1,1,0,326,0,1,0,0,0,0,0,0,1,0,0,1,0,0,1825,730,0,1
1491,811,994,1,2,1,11,3,1,1,1,0,1,0,140,0,0,0,0,0,1,1,0,1,0,0,0,0,0,30,30,0,1
1549,593,593,1,2,1,66,2,1,1,1,1,1,4,167,0,1,0,0,0,0,0,0,0,0,1,0,0,0,0,1825,0,1
88,1149,1373,4,2,2,9,2,1,1,1,1,1,0,49,0,1,0,0,0,0,0,0,0,0,1,0,0,0,100,100,0,1
41,943,1096,1,2,1,18,2,1,1,1,1,1,2,132,0,1,0,0,0,0,0,0,1,0,0,0,0,0,90,1825,0,1
1576,1491,1583,1,2,1,3,1,0,1,1,1,1,2,17,0,1,0,0,0,0,0,0,1,0,0,0,0,1,300,300,1,0
131,1454,1454,2,1,1,30,1,1,0,1,0,1,0,51,0,1,0,0,0,0,0,0,1,0,0,0,0,0,1095,1825,0,1
693,565,630,1,2,1,1,2,0,1,0,0,0,1,18,0,0,1,0,0,0,0,0,1,0,0,0,0,0,360,1080,1,0
1435,1254,1254,1,2,1,2,2,1,1,1,0,1,0,116,0,1,0,0,0,0,0,0,1,0,0,0,0,0,0,1825,0,1
782,1278,2395,1,2,1,172,6,1,1,1,1,1,2,780,0,1,0,0,0,0,0,0,1,0,0,1,0,1,0,2100,0,1
1511,1155,1811,1,2,2,167,2,1,1,1,1,1,0,783,0,1,0,0,0,0,0,0,0,0,1,1,1,1,1110,1110,0,1
898,1106,1106,1,2,1,3,1,0,1,1,1,1,1,51,0,0,0,0,0,0,0,0,1,0,0,0,0,1,360,360,0,1
164,1461,1461,4,2,1,22,2,0,1,1,1,1,0,494,0,0,0,1,0,1,0,0,0,0,0,0,0,0,30,180,0,1
290,812,1971,1,2,1,161,3,1,1,1,1,1,2,653,0,1,0,0,0,0,0,0,1,0,0,1,0,1,780,1980,0,1
1544,813,813,7,2,1,1,2,0,1,0,1,1,2,18,0,1,0,0,0,0,0,0,1,0,0,0,0,0,0,1825,0,1
705,518,547,1,5,0,1,4,0,1,0,0,1,0,6000,1,0,0,1,0,0,0,0,0,0,1,0,0,0,540,540,1,0
348,1094,1682,1,2,1,1,2,0,2,1,1,1,0,90,0,1,0,0,0,0,0,0,1,0,0,0,0,0,20,20,0,1
571,2484,2484,3,2,1,1,3,0,1,1,1,1,0,104,0,0,0,0,1,1,0,0,1,0,0,0,0,0,1,42,0,1
910,479,2491,1,2,1,121,3,1,1,1,1,1,4,423,0,1,0,0,0,0,0,0,1,0,0,1,1,1,2190,2190,0,1
1537,840,840,6,2,1,1,2,0,1,0,1,1,2,200,0,1,0,0,0,1,0,0,0,0,0,0,0,0,180,180,0,1
818,1182,1182,4,2,1,39,7,0,1,1,1,1,0,431,0,0,0,1,0,1,0,0,1,0,0,1,0,1,0,360,0,1
989,851,2219,1,3,1,419,6,1,2,1,1,1,0,702,0,1,0,0,0,0,0,0,1,0,0,1,1,1,1960,1960,0,1
1074,1434,1795,4,2,1,17,4,0,1,0,1,1,0,162,0,1,0,0,0,0,0,0,1,0,0,1,0,1,360,360,0,1
1536,121,121,1,2,1,2,1,0,1,0,1,1,0,102,1,1,0,0,0,0,0,0,1,0,0,0,0,0,0,0,0,1
458,1399,1399,1,2,1,2,2,1,1,1,0,1,0,112,0,1,0,0,0,0,0,0,1,0,0,0,0,0,1095,1825,0,1
375,1492,1492,1,2,1,6,2,1,1,1,0,1,3,113,0,1,0,0,0,0,0,0,1,0,0,0,0,0,168,168,0,1
333,587,587,2,1,1,1,1,1,0,1,0,1,0,18,0,1,0,0,0,0,0,0,1,0,0,0,0,0,168,364,0,1
1255,851,851,1,2,1,1,2,0,1,0,1,1,0,446,0,1,0,0,0,0,0,0,0,1,0,1,0,1,0,0,0,1
1438,1103,1215,1,2,1,213,4,1,1,1,1,1,0,955,0,1,0,0,0,0,0,0,1,0,0,1,0,1,60,378,0,1
1187,20,325,1,2,1,1,1,1,1,1,0,1,2,72,0,1,0,0,0,0,0,0,0,0,0,0,0,1,28,28,0,1
1580,2126,2681,1,2,1,295,9,1,1,1,1,1,0,1846,0,1,0,0,0,0,0,0,1,0,0,1,0,1,2100,2100,0,1
836,730,730,2,2,1,1,1,0,1,0,1,1,3,40,0,1,0,0,0,0,0,0,1,0,0,0,0,1,70,84,0,1
1513,306,731,1,1,1,1,1,0,0,0,1,1,0,10,0,0,0,0,0,1,0,0,0,0,0,0,0,0,0,1825,1,0
672,335,396,1,2,1,3,2,0,1,0,1,0,0,55,0,1,0,0,0,0,0,0,1,0,0,1,0,0,360,360,0,1
328,487,487,1,2,1,1,1,0,1,0,1,1,0,161,1,1,0,0,0,0,0,0,1,0,0,0,0,0,105,105,1,0
994,1175,1636,2,2,1,18,3,0,1,1,0,1,0,46,0,1,0,0,0,0,0,0,1,0,0,1,0,0,3285,3285,1,0
318,1644,1675,1,2,1,0,2,1,1,1,1,1,4,616,0,0,0,1,0,0,0,0,1,0,0,0,0,0,84,84,0,1
1251,610,610,1,1,1,0,1,1,0,1,1,1,0,104,0,1,0,0,0,0,0,0,1,0,0,0,0,0,30,90,0,1
1105,729,729,1,2,2,1,2,0,1,0,0,1,4,260,0,1,0,0,0,0,0,0,1,0,0,0,0,1,180,180,1,0
1419,1117,1117,1,2,1,1,2,0,1,1,1,1,4,221,0,1,0,0,0,0,0,0,1,0,0,0,0,0,1095,1095,0,1
167,601,633,3,1,1,7,2,1,0,1,1,1,0,152,0,1,0,0,0,0,0,0,0,0,0,0,0,1,0,1825,0,1
12,1450,2008,1,2,1,88,1,1,1,1,1,1,4,831,0,1,0,0,0,0,0,0,0,0,1,1,1,0,1440,1980,0,1
171,1973,1973,1,2,1,80,2,1,1,1,1,1,0,201,0,1,0,0,0,0,0,0,1,0,0,0,1,1,730,1825,0,1
649,570,570,2,2,1,1,2,0,1,2,1,1,3,120,0,1,0,0,0,0,0,0,1,0,0,0,0,1,0,30,1,0
260,1948,2099,2,2,1,113,2,0,1,1,1,1,0,2499,0,0,0,1,0,0,0,0,1,0,0,0,0,1,720,1440,0,1
979,335,700,1,2,1,1,2,1,1,1,0,1,4,729,1,1,0,0,0,0,0,0,1,0,0,0,0,0,56,56,0,1
258,1126,1126,1,3,1,19,2,1,1,1,1,1,2,1249,1,0,0,0,0,0,0,0,1,0,0,0,0,0,7,1825,0,1
950,1586,2696,1,2,1,275,2,1,1,1,1,1,4,706,0,1,0,0,0,0,0,0,1,0,0,1,0,1,1560,2640,0,1
138,781,2806,1,2,1,61,4,1,1,1,1,1,4,265,0,1,0,0,0,0,0,0,1,0,0,1,0,0,350,56,0,1
549,2737,2737,1,3,1,1,2,0,1,0,0,1,4,150,0,0,0,0,1,0,0,0,1,0,0,0,0,0,126,730,0,1
727,1308,1308,1,2,1,1,2,1,1,1,1,1,4,386,0,1,0,0,0,0,0,0,1,0,0,1,0,0,84,168,0,1
1416,1394,1980,1,2,1,0,2,1,1,1,1,1,0,452,0,1,0,0,0,0,0,0,1,0,0,1,0,0,1825,1825,0,1
1013,752,1316,1,1,1,0,1,1,0,1,0,1,0,705,0,1,0,0,0,0,0,0,1,0,0,0,0,1,1095,0,0,1
1278,579,579,1,2,1,1,1,0,1,1,1,1,0,70,1,0,0,1,0,0,0,0,1,0,0,0,0,0,8,8,0,1
558,385,1814,1,2,1,107,11,1,1,1,1,1,0,500,0,1,0,0,0,1,0,0,1,1,0,1,0,1,147,1825,0,1
139,612,904,1,3,1,73,3,1,1,1,1,1,0,363,0,1,0,0,0,0,0,0,1,0,0,1,1,1,600,1825,0,1
1421,1798,1983,3,2,1,268,5,1,1,1,1,1,2,1301,0,1,0,0,0,0,0,0,1,0,0,1,1,1,1770,1800,0,1
531,435,457,1,1,1,1,1,1,0,1,0,1,0,137,0,1,0,0,0,0,0,0,1,0,0,0,0,1,364,364,0,1
224,1887,2252,5,2,1,20,3,0,1,1,0,1,0,480,0,0,0,0,1,0,0,1,0,0,0,1,0,0,0,168,0,1
1179,644,2728,1,2,1,33,2,1,1,1,1,1,0,639,0,1,0,0,0,0,0,0,1,0,0,1,0,0,660,660,0,1
409,2897,2897,1,2,1,1,2,0,1,1,1,1,0,82,0,1,0,0,0,0,0,0,1,0,0,1,0,0,480,480,0,1
325,730,1161,1,2,1,5,2,0,1,0,1,1,3,30,0,1,0,0,0,0,0,0,1,0,0,0,0,1,7,7,1,0
817,884,884,1,4,1,5,4,1,2,1,1,1,1,62,0,0,0,1,0,0,0,0,1,0,0,0,0,0,21,21,0,1
299,274,396,1,2,1,1,2,0,1,1,0,1,1,60,0,1,0,0,0,1,0,0,0,0,0,0,0,1,1,60,0,1
1035,686,2171,1,2,1,1,4,1,1,1,1,1,0,542,0,1,0,0,0,0,0,0,1,0,1,1,1,1,600,1020,0,1
1467,542,907,1,2,1,1,2,0,1,0,0,1,1,104,0,1,0,0,0,1,0,0,0,0,0,0,0,0,30,1825,0,1
943,1055,1055,1,3,0,12,1,1,1,1,0,1,0,312,1,0,0,1,0,0,0,0,0,0,1,0,0,1,28,28,0,1
1514,1623,1623,1,2,1,10,2,0,1,0,1,1,1,22,1,1,0,0,0,1,0,0,1,0,0,0,0,0,0,1460,0,1
193,243,274,3,1,1,1,1,1,0,1,0,1,0,33,0,1,0,0,0,0,0,0,1,0,0,0,0,1,0,7,0,1
440,1745,1745,2,1,2,1,1,1,0,1,1,1,0,199,0,1,0,0,0,0,0,0,1,0,0,0,0,1,1460,1460,0,1
573,1269,1269,1,2,1,1,2,0,1,1,0,1,0,103,0,1,0,0,0,0,0,0,1,0,0,0,0,0,900,1825,0,1
503,2258,2400,1,5,1,200,4,1,1,1,1,1,4,1653,0,1,0,0,0,0,0,0,1,0,1,1,0,1,3650,3650,0,1
605,365,396,1,1,1,1,1,0,0,1,1,1,0,11,0,0,0,1,0,0,1,0,0,0,0,0,0,0,0,1825,0,1
1217,1216,1216,1,2,1,2,2,0,1,2,1,1,2,349,1,1,0,0,0,0,0,0,1,0,0,0,0,0,0,1825,0,1
1458,457,457,2,2,1,16,2,1,0,1,0,0,0,90,0,1,0,0,0,0,0,0,1,0,0,0,0,0,266,1825,0,1
3,1271,1494,1,2,1,1,2,0,1,0,0,1,0,90,0,1,0,0,0,0,0,0,1,1,0,1,0,0,84,1460,1,0
889,220,299,1,2,2,24,2,1,1,1,0,1,4,502,0,1,0,0,0,0,0,0,1,0,0,0,0,0,0,1825,0,1
467,1430,1430,1,2,2,94,3,1,1,1,1,1,0,630,0,1,0,0,0,0,0,0,1,0,0,0,0,0,2555,1825,0,1
321,518,518,1,2,1,31,1,1,1,1,0,0,0,499,0,1,0,0,0,0,0,0,1,0,0,0,0,0,180,1825,0,1
5,1373,2025,4,2,1,77,2,1,1,1,1,1,0,349,0,1,0,0,0,0,0,0,1,0,0,1,1,0,1825,1825,0,1
222,1525,1525,2,2,0,1,2,1,1,1,1,1,3,1124,1,0,0,1,0,0,0,0,0,0,1,0,0,1,15,1825,0,1
547,293,316,1,1,2,46,1,1,0,1,0,1,0,426,0,1,0,0,0,0,0,0,1,0,0,0,0,1,341,290,0,1
892,2344,2436,2,2,1,1,2,1,1,1,1,1,2,233,0,0,0,1,0,0,0,0,1,0,0,0,0,1,42,42,0,1
39,1522,1522,1,2,1,1,2,0,0,1,0,1,4,184,0,1,0,0,0,0,0,0,1,0,0,0,0,0,0,7,0,1
542,2302,2302,1,2,1,7,2,0,1,1,0,1,3,179,0,0,0,1,0,0,0,0,1,0,0,0,0,0,0,1825,0,1
242,516,516,1,1,1,1,1,1,0,1,0,0,0,300,0,1,0,0,0,0,0,0,1,0,0,0,0,0,182,182,0,1
136,1582,1919,1,2,1,5,2,1,1,1,0,1,2,37,0,1,0,0,0,0,0,0,0,0,1,1,1,0,1080,1800,0,1
1440,2022,2801,3,2,1,144,5,1,1,1,0,1,2,452,0,1,0,0,0,0,0,0,1,0,0,1,0,1,1800,2700,0,1
1286,793,1733,1,3,1,46,4,1,1,1,1,1,0,360,0,1,0,0,0,0,0,0,1,0,0,1,1,1,730,1460,0,1
714,1186,1186,1,2,1,267,3,1,1,1,1,1,0,1134,0,1,0,0,0,0,0,0,1,0,0,1,0,1,1095,1080,0,1
1229,961,961,1,1,1,77,1,1,0,1,1,1,0,506,0,1,0,0,0,0,0,0,1,0,0,1,1,1,1825,1825,0,1
1161,1854,1854,3,2,0,1,2,0,2,1,1,1,3,19,0,0,0,1,0,0,0,0,1,0,0,0,0,1,77,77,0,1
1156,700,1037,1,2,1,1,2,1,1,1,1,1,2,875,0,1,0,0,0,0,0,0,1,0,0,1,0,0,0,0,0,1
1189,1262,1393,1,2,1,1,1,0,2,1,1,1,4,465,0,1,0,0,0,0,0,0,1,0,0,1,1,1,0,60,0,1
1488,1260,1260,1,2,1,28,3,1,1,1,1,1,0,442,0,1,0,0,0,0,0,0,1,0,0,1,1,0,1095,1095,0,1
581,1507,1507,2,2,1,1,2,0,1,1,1,1,0,81,0,1,0,0,0,0,0,0,1,0,1,1,0,0,1825,1825,1,0
1441,1095,1308,4,2,0,1,2,0,1,0,1,0,0,872,0,0,0,0,0,1,0,0,0,0,0,0,0,1,5,5,0,1
1607,821,821,1,2,1,12,2,1,1,1,1,1,0,40,0,1,0,0,0,0,0,0,1,0,0,0,0,0,84,180,0,1
661,970,1029,1,4,1,226,3,1,1,1,1,1,0,483,0,1,0,0,0,0,0,0,1,0,1,1,0,0,1825,1825,1,0
939,450,450,1,1,1,1,1,1,0,1,0,1,0,39,0,1,0,0,0,0,0,0,1,0,0,0,0,0,0,1825,0,1
1512,1557,2345,1,2,1,97,2,0,1,1,1,1,0,250,0,1,0,0,0,0,0,0,1,0,0,1,1,0,730,730,0,1
376,761,761,2,2,1,1,2,0,1,0,1,1,3,108,0,0,0,0,1,0,0,0,1,0,0,0,0,0,1825,1825,0,1
314,547,608,1,2,1,1,2,0,1,1,0,1,0,99,1,0,1,0,0,0,0,0,1,0,0,0,0,0,0,0,0,1
442,2192,2192,1,2,1,1,2,0,1,0,1,1,3,812,0,1,0,0,0,0,0,0,0,0,0,1,0,0,0,0,0,1
319,1491,1491,1,2,1,1,2,0,1,0,1,1,1,60,0,1,0,0,0,0,0,0,1,0,0,0,0,0,7,30,0,1
962,579,1370,1,2,1,0,2,1,1,1,1,1,3,204,0,1,0,0,0,0,0,0,1,0,0,1,0,1,730,730,0,1
1454,1765,1765,1,2,2,1,2,0,1,0,0,1,4,50,0,1,0,0,0,0,0,0,1,0,0,0,0,0,0,1825,0,1
946,1279,1279,1,2,1,12,2,1,1,1,1,1,0,267,0,1,0,0,0,0,0,0,1,0,0,1,0,0,360,1200,0,1
1227,1634,3856,1,2,1,210,3,1,1,1,1,1,2,870,0,1,0,0,0,0,0,0,1,0,0,1,0,0,1825,1825,0,1
424,1127,1512,2,2,1,1,1,0,1,0,1,1,0,202,0,1,0,0,0,0,0,0,1,0,0,1,0,0,0,180,1,0
553,1096,1096,2,1,1,1,1,0,0,0,1,1,0,93,0,0,1,0,0,0,0,0,1,0,0,0,0,0,1095,1825,0,1
594,1099,3912,1,2,1,305,4,1,1,1,1,1,4,666,0,1,0,0,0,0,0,0,1,0,0,1,1,1,1825,2555,0,1
368,1151,1799,1,1,1,174,5,1,0,1,1,1,0,979,0,1,0,0,0,0,0,0,1,0,0,1,1,1,1095,1825,0,1
772,1583,1662,2,5,1,1,5,0,1,0,1,1,1,119,1,1,0,0,0,0,0,0,1,0,0,0,0,0,168,168,0,1
917,2219,2219,1,2,1,3,3,0,1,1,1,1,0,167,0,1,0,0,0,0,0,1,0,1,0,0,0,0,270,730,1,0
1374,1428,1428,4,1,1,35,1,1,0,1,1,1,0,67,0,1,0,0,0,0,0,0,1,0,0,1,0,1,730,730,0,1
741,1295,2769,2,2,1,0,2,1,1,1,1,1,0,319,0,1,0,0,0,0,0,0,1,0,0,1,1,1,1095,2190,0,1
227,792,792,4,2,1,0,3,1,1,1,1,1,0,1046,0,1,0,0,0,0,0,0,1,0,0,0,0,0,360,360,0,1
844,944,3492,1,2,1,57,3,1,1,1,1,1,4,525,0,1,0,0,0,0,0,0,1,0,0,1,1,0,1460,1095,0,1
968,519,731,1,2,1,1,2,0,1,0,1,1,1,30,0,1,0,0,0,0,0,0,0,1,0,0,0,0,0,1825,0,1
1083,762,2315,2,3,1,278,2,0,1,1,1,1,2,464,0,0,0,0,1,0,0,0,1,0,0,0,0,0,84,1825,0,1
816,2040,2040,2,3,1,1,2,0,1,0,1,1,0,43,0,1,0,0,0,0,0,0,1,0,0,0,0,0,0,28,0,1
66,209,318,6,2,1,1,2,0,1,0,1,1,4,90,0,1,0,0,0,0,0,0,1,0,0,0,0,0,2,1825,1,0
393,1034,1489,1,2,1,0,2,1,1,1,1,1,0,494,0,1,0,0,0,0,0,0,1,0,0,1,0,0,1095,1460,0,1
579,1701,1763,2,2,1,1,4,0,1,0,1,1,2,248,0,0,0,1,0,0,0,0,1,0,0,0,0,0,60,60,0,1
24,1308,1399,1,1,1,1,5,0,0,0,0,1,0,126,0,0,1,0,0,1,1,0,1,1,0,0,0,0,0,0,0,1
211,2314,2314,2,1,0,1,1,0,0,0,0,1,0,30,0,1,0,0,0,0,0,0,1,0,0,1,0,0,90,1825,1,0
1436,1216,1216,1,6,2,7,6,0,2,1,1,1,4,104,0,0,0,1,0,0,0,0,1,0,0,0,0,0,360,1095,1,0
932,990,1678,1,3,1,48,5,1,1,1,1,1,4,746,0,1,0,0,0,0,0,0,1,0,1,1,1,0,1200,840,0,1
536,304,304,1,3,1,13,2,1,1,1,0,1,2,181,0,1,0,0,0,0,0,0,1,0,0,0,0,0,90,1825,0,1
1344,1891,1891,1,2,1,88,2,1,1,1,1,1,0,126,0,1,0,0,0,0,0,0,1,0,0,0,1,1,1860,1860,0,1
857,1214,1214,1,2,1,1,1,0,1,1,0,1,1,70,0,0,0,0,1,0,0,1,0,0,0,0,0,0,70,70,0,1
85,2663,2752,1,1,1,24,1,1,0,1,1,1,0,102,0,1,0,0,0,0,0,0,0,0,0,1,1,0,1080,1080,0,1
1471,3622,3622,2,2,1,1,2,0,1,2,1,1,0,105,0,1,0,0,0,0,0,0,1,0,0,1,0,1,84,84,0,1
272,1575,1575,1,2,1,39,2,1,1,1,1,1,3,256,0,1,0,0,0,0,0,0,1,0,0,1,0,1,1825,1825,0,1
1055,1775,1775,1,2,1,89,2,1,1,1,1,1,0,419,0,1,0,0,0,0,0,0,1,0,0,1,1,0,0,1825,0,1
1212,395,914,2,2,1,31,3,1,1,1,0,1,4,152,0,1,0,0,0,0,0,0,1,0,0,1,0,0,42,42,0,1
1047,1464,1730,5,2,1,35,2,1,1,1,1,1,0,530,0,1,0,0,0,0,0,0,1,0,0,1,1,1,730,1825,0,1
1473,1936,1936,1,2,1,1,2,0,1,0,1,1,0,647,0,1,0,0,0,0,0,0,1,0,0,1,0,0,0,0,0,1
630,701,731,4,3,1,0,3,1,1,1,1,1,4,769,0,1,0,0,0,0,0,0,1,0,0,0,0,0,0,1825,0,1
1117,1740,1740,1,1,1,33,1,1,0,1,1,1,0,542,0,1,0,0,0,0,0,0,1,0,0,0,0,1,1624,1624,0,1
1524,1131,1131,2,3,2,17,2,1,1,1,0,1,4,107,0,1,0,0,0,0,0,0,1,0,0,0,0,0,182,182,1,0
1116,679,680,1,2,1,40,2,1,1,1,1,1,4,439,0,1,0,0,0,0,0,0,1,0,0,1,0,1,720,720,1,0
505,615,2278,1,2,1,17,4,1,1,1,1,1,2,276,0,1,0,0,0,0,0,0,1,0,0,1,1,1,600,1050,0,1
273,1342,2720,1,2,1,94,2,1,1,1,1,1,0,266,0,1,0,0,0,0,0,0,1,0,0,1,1,1,1095,2190,0,1
1600,458,1534,1,2,1,35,2,1,1,1,1,1,4,129,0,1,0,0,0,0,0,0,1,0,0,1,0,0,450,450,0,1
1075,1614,1766,1,2,1,1,2,0,0,0,0,1,0,30,0,1,0,0,0,1,0,0,0,0,0,0,0,0,0,1825,1,0
362,1294,1466,2,2,1,65,2,1,1,1,0,1,4,318,0,1,0,0,0,0,0,0,1,0,0,0,0,0,0,1825,0,1
1319,119,119,1,3,1,1,3,0,1,0,0,1,2,75,0,1,0,0,0,0,0,0,1,0,0,0,0,0,1,1,1,0
622,1280,731,6,3,1,22,2,1,1,1,1,1,0,242,0,1,0,0,0,0,0,0,1,0,0,0,0,0,360,360,0,1
2,1666,1666,2,2,1,1,1,0,1,1,1,1,0,200,0,1,0,0,0,0,0,1,0,0,0,0,0,0,180,180,0,1
6,1668,1668,1,2,1,1,1,1,1,1,1,1,2,400,0,0,0,1,0,0,0,0,1,0,0,0,0,0,730,730,1,0
311,915,915,1,2,1,9,2,1,1,1,0,0,0,12,0,1,0,0,0,0,0,0,1,0,0,0,0,0,900,1825,1,0
1102,243,1886,1,2,0,1,1,1,1,1,0,0,0,766,1,0,0,1,0,0,0,0,0,0,1,0,0,1,0,31,0,1
785,1119,1297,1,2,1,425,2,1,1,1,1,1,2,394,0,1,0,0,0,0,0,0,0,0,1,1,1,1,0,1,0,1
665,1144,1144,1,1,1,31,1,1,2,1,0,1,0,41,0,1,0,0,0,0,0,0,1,0,0,1,1,1,84,900,1,0
364,697,1244,1,2,1,1,4,1,1,1,0,1,4,596,0,1,0,0,0,0,0,0,1,0,0,0,0,1,660,660,0,1
1610,399,399,1,2,1,1,2,0,1,1,0,1,2,298,0,0,0,0,0,0,0,1,0,0,0,0,0,0,0,1825,0,1
215,1034,1065,2,2,1,1,1,0,1,0,0,1,2,196,0,1,0,0,0,0,0,0,1,0,0,0,0,0,14,1825,0,1
811,722,741,1,2,0,1,2,0,1,0,1,1,4,60,0,0,0,0,0,0,0,0,1,0,0,0,0,0,2,1825,0,1
27,1187,1187,1,2,1,19,2,1,1,1,0,1,4,91,0,1,0,0,0,0,0,0,1,0,0,0,0,0,720,720,1,0
1169,1345,2568,1,2,0,103,8,1,1,1,1,1,0,111,0,1,0,0,0,0,0,0,1,0,0,1,0,1,270,60,0,1
525,196,203,7,2,1,1,4,0,1,0,0,1,3,27,0,0,0,1,0,0,0,0,1,0,0,0,0,1,240,1825,0,1
1518,212,360,1,4,2,1,1,0,1,0,1,1,2,160,0,1,0,0,0,0,0,0,0,0,1,0,0,0,84,180,1,0
802,2942,2942,1,1,1,2,1,0,0,1,0,1,0,26,0,1,0,0,0,0,0,0,1,0,0,0,0,1,0,1825,0,1
638,226,651,1,3,1,17,3,1,1,1,0,1,2,466,0,1,0,0,0,0,0,0,1,0,0,0,0,1,28,65,0,1
1088,791,1004,1,3,1,1,3,0,1,0,1,1,4,90,0,0,0,1,0,0,0,0,1,0,0,0,0,0,2,2,1,0
718,1666,1666,1,1,1,17,1,1,0,1,1,1,0,128,0,1,0,0,0,0,0,0,1,0,0,0,0,1,1460,21,0,1
691,598,1753,1,2,1,1,2,0,1,1,1,1,3,30,0,0,0,1,0,0,0,0,1,0,0,1,0,0,90,1095,0,1
988,425,426,1,4,1,1,4,0,1,0,1,1,2,100,0,1,0,0,0,0,0,0,1,0,0,0,0,0,1,1825,1,0
624,1169,1551,1,2,1,129,2,1,1,1,1,1,0,815,0,1,0,0,0,0,0,0,1,0,0,1,0,0,1140,1140,0,1
1509,852,852,1,2,1,1,2,1,0,1,1,1,0,44,0,1,0,0,0,0,0,0,1,0,0,1,0,0,1140,1500,0,1
256,850,850,1,2,1,29,2,1,1,1,0,1,0,285,0,1,0,0,0,0,0,0,1,0,0,0,0,1,0,1825,0,1
25,1080,1080,1,2,1,1,2,0,1,0,1,1,1,64,0,1,0,0,0,0,1,0,1,0,0,0,0,1,360,730,1,0
336,3348,3683,5,2,1,0,4,0,1,1,1,1,0,927,0,1,0,0,0,0,0,0,1,0,1,1,0,0,900,930,0,1
572,31,580,1,2,1,6,2,1,1,1,1,1,0,220,0,0,0,1,0,0,0,0,1,0,0,0,0,1,150,150,0,1
47,304,304,3,3,1,29,3,1,1,1,0,1,1,849,0,0,0,0,0,0,0,0,1,0,0,0,0,0,2,2,0,1
106,1393,1505,1,2,1,1,2,1,1,1,1,1,4,298,0,1,0,0,0,0,0,0,1,0,0,1,0,0,360,360,0,1
349,1262,1867,3,2,1,84,2,1,2,1,0,1,0,200,0,1,0,0,0,0,0,0,1,0,0,1,0,1,540,540,0,1
55,1096,1096,2,3,1,1,2,0,1,1,1,1,1,100,0,1,0,0,0,0,0,1,0,0,0,0,0,0,180,360,0,1
966,1857,1857,1,2,1,1,2,0,1,0,1,1,0,104,0,1,0,0,0,0,0,0,1,0,0,1,1,0,2190,2190,0,1
213,1097,2228,1,2,1,1,2,1,1,1,1,1,0,425,0,1,0,0,0,0,0,0,1,0,1,1,1,1,1080,1980,0,1
120,305,305,1,3,1,30,3,1,1,1,0,1,4,492,1,0,0,0,0,0,0,0,1,0,0,0,0,0,0,1825,0,1
1029,436,457,1,2,1,118,2,1,1,1,1,1,3,508,0,1,0,0,0,0,0,0,1,0,0,0,0,0,0,1825,0,1
1107,792,1127,1,2,1,1,2,0,1,2,1,1,2,45,0,1,0,0,0,0,0,0,1,0,0,0,0,0,180,180,0,1
793,425,425,1,2,2,1,1,0,1,0,1,1,2,108,0,0,0,1,0,0,0,0,1,0,0,0,0,0,30,1825,0,1
72,2160,2388,1,3,1,365,3,0,1,1,1,1,2,328,0,0,0,0,1,0,0,0,1,0,0,0,0,1,56,56,0,1
1412,190,585,1,4,1,1,1,1,1,1,1,1,4,95,0,1,0,0,0,0,0,0,1,0,0,0,0,1,30,180,0,1
930,514,3437,1,2,1,0,3,1,1,1,1,1,0,498,0,1,0,0,0,0,0,0,1,0,0,1,0,0,120,2190,0,1
1307,2679,2679,1,2,1,9,1,0,1,0,1,1,0,528,0,1,0,0,0,0,0,0,1,0,0,1,0,1,1825,1825,0,1
45,1102,1369,1,2,1,98,4,1,1,1,1,1,4,725,0,1,0,0,0,1,0,0,1,0,0,0,0,0,49,49,0,1
1453,2969,3334,1,2,1,9,5,0,1,0,1,1,0,27,0,1,0,0,0,0,0,0,1,1,0,1,0,1,1140,1860,0,1
523,1583,1583,2,2,1,1,1,0,1,0,1,1,0,112,0,1,0,0,0,1,0,0,0,0,0,1,0,0,14,1825,0,1
232,736,1016,2,2,1,81,4,1,1,1,0,1,0,406,0,1,0,0,0,0,0,0,1,0,0,0,0,1,21,1020,0,1
942,519,519,1,3,1,117,3,1,1,1,0,1,3,652,0,1,0,0,0,0,0,0,1,0,0,0,0,0,0,84,0,1
1298,1216,1502,2,2,1,32,3,1,1,1,0,1,2,440,0,1,0,0,0,0,0,0,1,0,0,1,1,0,1110,900,0,1
948,1461,1522,1,2,1,109,2,0,1,1,1,1,0,1132,0,1,0,0,0,0,0,0,1,0,0,1,0,0,730,1825,0,1
533,983,983,1,2,1,1,6,0,1,1,0,1,0,242,0,1,0,0,0,0,0,0,1,0,0,1,1,1,1460,1460,0,1
1232,365,365,1,2,1,1,2,1,1,1,0,1,4,346,0,0,0,1,0,0,0,0,1,0,0,0,0,0,8,6,0,1
603,1960,1960,1,2,1,2,1,0,1,2,1,1,0,345,0,0,0,1,0,0,0,0,1,0,0,1,0,0,365,1825,0,1
465,579,579,1,2,1,16,3,1,1,1,0,1,4,100,0,1,0,0,0,0,0,0,1,0,0,0,0,1,0,30,0,1
973,2626,2704,4,2,1,131,2,1,1,1,1,1,1,312,0,1,0,0,0,0,0,0,1,0,0,1,0,1,700,700,0,1
788,680,2098,1,2,1,0,3,1,1,1,0,1,3,214,0,1,0,0,0,0,0,0,1,0,0,1,0,0,2920,2920,0,1
1387,984,2240,1,2,1,86,2,1,1,1,1,1,0,805,0,1,0,0,0,0,0,0,1,0,0,1,1,1,930,930,0,1
926,1084,2221,1,3,1,197,3,1,1,1,1,1,4,907,0,1,0,0,0,0,0,0,0,0,1,1,0,0,1110,2190,0,1
1350,2357,2357,1,1,1,73,1,1,0,1,1,1,0,46,0,1,0,0,0,0,0,0,1,0,0,1,0,1,2190,2190,0,1
60,2126,2126,1,3,1,18,7,0,1,0,1,1,2,1351,0,0,0,0,1,0,0,0,1,0,0,0,0,0,0,1825,0,1
1036,1279,1279,1,2,1,1,2,0,1,1,0,1,0,172,0,1,0,0,0,0,0,0,1,0,0,1,0,0,1080,1080,1,0
92,3895,3895,1,2,1,7,2,0,1,1,0,1,0,125,0,0,0,0,1,0,1,0,1,0,0,0,0,0,0,1080,0,1
666,944,944,1,2,1,49,2,1,1,1,1,1,4,451,0,1,0,0,0,0,0,0,1,0,0,0,0,0,540,540,0,1
834,426,822,1,2,1,5,3,0,1,0,1,1,0,247,0,1,0,0,0,1,0,0,1,0,0,1,0,1,180,180,0,1
194,1939,2000,1,2,1,57,2,1,1,1,1,1,1,559,0,1,0,0,0,0,0,0,1,0,0,1,1,0,730,730,0,1
280,1036,3110,2,2,1,112,2,1,1,1,1,1,4,596,0,1,0,0,0,0,0,0,1,0,0,1,0,1,2555,2555,0,1
695,588,2191,1,2,1,23,6,1,1,1,1,1,3,329,0,1,0,0,0,1,0,0,1,0,0,1,0,1,4,2190,0,1
359,1341,1341,1,2,1,6,2,0,1,1,1,1,2,143,0,1,0,0,0,0,0,0,0,0,0,0,0,0,730,35,0,1
519,424,1424,1,2,1,15,5,1,1,1,1,1,3,503,0,1,0,0,0,0,0,0,1,0,0,1,0,1,168,540,0,1
1026,1395,1395,4,2,1,1,2,0,1,0,1,1,2,75,0,0,0,0,1,0,0,1,0,0,0,0,0,0,360,1825,0,1
915,2350,2497,2,1,1,1,2,0,0,1,0,1,0,41,0,1,0,0,0,0,0,0,1,0,0,0,0,0,350,182,0,1
182,2601,2632,6,1,0,1,4,0,0,0,0,1,0,10,0,1,0,0,0,0,0,0,1,1,1,0,0,0,0,730,0,1
1112,486,2385,1,2,1,156,3,1,1,1,1,1,3,495,0,1,0,0,0,0,0,0,1,0,0,1,1,0,2555,2555,0,1
1121,1370,1529,1,2,1,21,2,1,1,1,1,1,0,296,0,1,0,0,0,0,0,0,1,0,0,1,0,0,360,600,0,1
110,2591,2591,1,1,1,112,2,1,0,1,1,1,0,682,0,1,0,0,0,0,0,0,1,0,0,1,1,1,28,28,0,1
993,903,1606,1,2,1,0,2,1,1,1,0,1,0,540,0,1,0,0,0,0,0,0,1,0,0,1,0,0,1110,1110,0,1
42,912,1141,1,2,1,115,2,1,1,1,1,1,4,30,0,1,0,0,0,0,0,0,1,0,0,0,0,0,730,730,0,1
746,2528,2740,2,2,1,10,1,0,1,1,1,1,0,74,0,1,0,0,0,0,0,0,1,0,0,1,0,1,180,180,0,1
125,702,702,1,1,1,5,1,1,0,1,1,1,0,14,0,1,0,0,0,0,0,0,1,0,0,0,0,0,560,1825,0,1
204,807,814,2,2,0,21,1,0,1,0,0,1,0,445,0,0,0,0,1,0,0,1,0,0,0,0,0,0,0,56,0,1
1279,1821,1821,1,1,2,280,1,1,0,1,1,1,0,3219,0,1,0,0,0,0,0,0,1,0,0,1,1,1,1380,1380,0,1
52,2070,2497,2,1,1,3,2,0,0,1,1,1,0,131,0,0,1,0,0,0,1,0,1,0,0,0,0,0,14,1825,0,1
1220,245,365,1,2,1,6,2,1,0,1,0,1,1,100,0,1,0,0,0,0,0,0,1,0,0,0,0,0,0,1825,0,1
545,577,577,1,2,1,1,1,0,1,0,1,1,0,253,1,1,0,0,0,0,0,0,1,0,0,0,0,0,180,1825,1,0
68,686,2181,3,4,1,39,2,1,2,1,1,1,4,120,0,1,0,0,0,0,0,0,1,0,0,0,1,1,0,2130,0,1
1237,1258,1623,1,2,1,30,2,0,1,1,1,1,0,217,0,1,0,0,0,0,0,0,1,0,0,1,0,1,1095,1095,0,1
507,348,355,2,2,1,5,2,0,1,0,1,1,4,40,0,1,0,0,0,1,0,0,0,0,0,0,0,0,0,0,0,1
1464,1170,3593,2,2,1,216,5,1,1,1,1,1,0,646,0,1,0,0,0,0,0,0,1,0,1,1,0,0,1140,3285,0,1
329,922,1100,1,2,1,130,2,1,1,1,1,1,0,567,0,1,0,0,0,0,0,0,1,0,1,1,1,0,900,900,0,1
1569,3024,3024,7,2,1,39,2,0,1,1,1,1,0,368,0,1,0,0,0,0,0,0,0,0,1,1,0,1,0,730,0,1
183,1489,1800,1,2,1,82,3,0,1,1,1,1,0,749,0,1,0,0,0,0,0,0,1,1,0,1,0,0,1470,1470,0,1
137,1030,1030,1,2,1,1,2,1,1,1,1,1,3,421,0,1,0,0,0,0,0,0,1,0,0,0,0,0,21,1825,0,1
796,266,636,1,2,1,1,2,1,1,1,0,1,4,383,0,1,0,0,0,0,0,0,1,0,0,0,0,0,0,1825,0,1
132,725,731,3,1,1,2,1,0,0,1,1,1,0,22,0,1,0,0,0,0,0,0,0,0,0,0,0,0,0,0,0,1
80,731,851,1,1,1,3,1,1,0,1,0,1,0,68,0,1,0,0,0,0,0,0,1,0,0,0,0,0,28,1825,0,1
1316,489,489,1,1,1,1,3,0,0,1,1,1,0,85,0,0,1,0,0,0,1,0,1,0,0,0,0,1,730,1825,1,0
105,1125,3487,7,2,1,137,2,0,1,1,1,1,0,289,0,1,0,0,0,0,0,0,0,1,0,1,0,1,0,1095,0,1
1261,405,679,1,2,1,1,2,1,1,1,1,1,4,708,0,1,0,0,0,0,0,0,1,0,0,0,0,0,0,1825,0,1
541,387,3023,1,2,1,0,3,1,1,1,1,1,4,199,0,1,0,0,0,0,0,0,1,0,0,1,1,0,0,0,0,1
1322,3622,3805,3,2,1,46,2,0,1,1,1,1,0,206,0,1,0,0,0,1,0,0,1,0,0,1,0,1,1825,1825,0,1
480,2099,2099,1,2,1,23,2,1,1,1,1,1,0,89,0,1,0,0,0,0,1,0,1,0,0,1,0,1,540,1080,1,0
165,394,726,2,2,1,74,4,1,1,1,0,1,0,237,0,1,0,0,0,0,0,0,1,0,0,0,0,1,21,450,0,1
248,566,1151,1,2,1,0,2,1,1,1,1,1,4,706,0,1,0,0,0,0,0,0,1,0,0,1,1,1,720,810,0,1
307,2332,2332,1,2,1,10,2,0,1,1,1,1,0,56,0,1,0,0,0,0,0,0,1,1,0,0,0,0,730,1825,0,1
446,1644,1797,1,2,1,33,2,1,1,1,1,1,4,169,0,1,0,0,0,0,0,0,1,0,0,0,0,0,56,168,0,1
888,2799,2799,1,2,1,30,2,1,1,1,1,1,0,330,0,1,0,0,0,0,0,0,1,0,1,1,0,0,2555,2555,0,1
858,668,668,3,2,1,1,2,1,1,1,1,1,2,213,0,1,0,0,0,0,0,0,1,0,0,0,0,0,180,180,0,1
334,874,1230,8,4,1,28,7,0,1,1,1,1,0,158,0,0,0,0,0,0,0,0,0,0,0,0,0,0,360,360,0,1
1244,2099,2099,1,3,1,1,3,0,1,1,1,1,0,56,0,1,0,0,0,0,0,0,1,0,0,0,0,0,90,180,0,1
849,680,984,2,1,1,1,2,1,0,1,1,1,0,85,0,1,0,0,0,0,0,0,1,0,0,1,1,1,730,1460,0,1
97,2087,2087,1,1,1,13,6,1,0,1,1,1,0,122,0,1,0,0,0,0,0,0,1,0,0,1,0,1,960,720,0,1
905,1461,1461,2,2,1,1,3,0,1,1,1,1,0,96,0,1,0,0,0,0,0,0,1,0,1,1,0,0,1095,1095,1,0
1611,306,731,3,3,1,1,3,1,1,1,0,1,0,330,0,0,0,1,0,0,0,0,1,0,0,0,0,0,21,1825,0,1
737,2579,3636,1,2,1,1,3,1,1,1,1,1,0,530,0,1,0,0,0,0,0,0,1,0,0,1,0,1,1095,3650,0,1
1030,1734,1734,4,2,1,15,1,0,1,0,1,1,0,131,0,1,0,0,0,0,0,0,0,0,0,0,0,1,1460,1825,1,0
1223,272,272,4,3,1,1,6,0,2,1,0,0,1,147,0,0,1,0,0,0,0,0,1,0,0,0,0,0,90,90,0,1
421,1627,2078,1,3,1,240,4,1,1,1,1,1,0,1202,0,1,0,0,0,0,0,0,1,0,0,1,1,1,1590,2040,0,1
102,764,2229,1,2,1,1,4,1,1,1,1,1,0,262,0,1,0,0,0,0,0,0,1,0,1,1,0,1,60,210,0,1
434,1218,1218,3,3,1,116,3,1,1,1,1,1,0,114,0,1,0,0,0,1,0,0,0,0,1,1,0,1,1290,1290,0,1
74,564,564,3,1,1,18,2,1,0,1,0,0,0,14,0,1,0,0,0,0,0,0,1,0,0,0,0,0,565,1825,0,1
1462,608,2268,1,2,1,146,2,1,1,1,1,1,0,522,0,1,0,0,0,0,0,0,1,0,0,1,1,0,240,1095,0,1
963,813,813,2,1,2,9,1,1,0,1,0,1,0,10,0,1,0,0,0,0,0,0,1,0,0,0,0,1,7,1825,0,1
228,1169,1195,1,2,1,3,2,0,1,1,1,1,0,5,0,0,0,0,0,1,0,0,1,0,0,1,0,1,730,730,0,1
1622,1036,1036,1,2,1,0,4,1,1,1,1,1,0,80,0,1,0,0,0,0,0,0,1,0,0,1,1,0,540,510,0,1
302,1222,1295,1,2,0,9,2,1,1,1,1,1,1,118,0,0,0,0,0,0,1,0,1,0,0,0,0,1,0,90,1,0
1405,1796,1796,1,2,0,1,2,0,1,0,1,1,3,377,1,1,0,0,0,0,0,0,1,0,0,0,0,0,0,168,0,1
1370,791,3478,2,2,1,24,4,1,1,1,1,1,4,722,0,1,0,0,0,0,0,0,1,0,0,1,1,1,810,3450,0,1
1365,2064,2064,1,3,1,104,2,1,1,1,1,1,2,359,0,1,0,0,0,0,0,0,1,0,0,0,0,1,0,0,0,1
824,716,716,6,2,1,25,1,1,1,1,0,0,0,34,0,1,0,0,0,0,0,0,1,0,0,0,0,0,600,1825,0,1
762,881,1887,1,2,1,36,2,1,1,1,0,1,4,225,0,1,0,0,0,0,0,0,1,0,0,0,0,0,0,1825,0,1
733,1372,1372,1,2,1,1,2,0,1,0,1,1,0,249,0,1,0,0,0,0,0,0,1,0,0,0,0,1,1460,2190,0,1
388,489,489,1,2,1,79,3,1,1,1,0,1,4,743,0,0,0,1,0,0,0,0,1,0,0,0,0,0,1,1,0,1
235,425,425,5,2,0,24,1,1,1,1,0,0,0,1212,1,0,0,1,0,0,0,0,0,0,1,0,0,1,28,210,0,1
1351,972,2038,3,2,1,1,2,0,1,0,1,1,4,203,0,1,0,0,0,0,0,0,1,0,0,0,0,0,1825,1825,0,1
267,363,363,1,3,1,1,3,1,1,1,0,1,2,462,0,1,0,0,0,0,0,0,1,0,0,0,0,0,0,1825,0,1
305,1028,1460,4,1,2,1,1,0,0,0,1,1,0,206,0,0,0,1,0,0,0,0,0,0,1,1,0,0,0,0,1,0
1517,912,912,1,2,1,20,1,1,1,1,0,1,1,222,0,1,0,0,0,0,1,0,0,0,0,0,0,1,180,450,0,1
940,2854,2916,1,2,1,16,2,0,1,1,1,1,0,324,0,1,0,0,0,0,0,0,0,1,0,1,0,0,1825,1825,0,1
117,1287,2053,2,2,1,105,2,1,1,1,1,1,0,608,0,1,0,0,0,0,0,0,1,0,0,1,1,1,1200,1200,0,1
1315,1296,2045,3,2,2,714,2,0,1,1,1,1,3,299,0,1,0,0,0,0,0,0,1,0,0,0,0,0,0,1825,0,1
673,2157,2157,1,6,1,184,2,1,1,1,1,1,2,609,0,1,0,0,0,0,0,0,1,0,0,0,0,1,0,0,0,1
249,1279,1725,1,2,1,1,3,0,1,1,0,1,4,54,0,1,0,0,0,0,0,0,1,0,0,0,0,0,0,180,0,1
1182,698,775,1,3,1,1,2,1,1,1,1,1,4,586,0,0,0,0,1,0,0,0,1,0,0,0,0,0,21,21,1,0
1245,2371,2371,1,2,1,47,2,1,1,1,0,1,0,170,0,0,0,0,0,0,0,0,1,0,0,0,0,0,1095,1825,0,1
71,2127,2127,1,1,1,39,6,1,0,1,1,1,0,159,0,1,0,0,0,0,0,0,1,0,0,1,0,1,1620,1620,0,1
94,787,1395,1,2,1,1,2,1,1,1,1,1,4,258,0,1,0,0,0,0,0,0,0,0,1,1,0,0,0,810,0,1
1157,1126,1126,3,2,1,1,2,0,1,0,0,1,0,222,0,1,0,0,0,0,0,0,1,1,0,1,0,1,0,730,0,1
33,1140,1140,1,2,1,141,2,1,1,1,1,1,4,89,0,1,0,0,0,0,0,0,1,0,0,0,0,0,1460,2190,0,1
799,820,876,1,3,1,112,2,1,1,1,1,1,4,200,0,1,0,0,0,0,0,0,1,0,0,0,0,1,0,1825,0,1
1190,1109,1109,1,2,1,1,2,0,1,1,1,1,0,433,0,1,0,0,0,0,0,0,0,1,0,0,0,0,1825,1825,0,1
1368,1827,1827,1,2,1,179,4,1,1,1,1,1,0,485,0,1,0,0,0,0,0,0,1,0,0,1,1,1,1825,1825,0,1
448,731,762,1,2,1,6,2,1,1,1,0,1,4,46,0,1,0,0,0,0,0,0,0,0,0,0,0,1,730,730,0,1
445,354,538,1,2,1,1,2,0,2,1,1,1,3,96,0,0,1,0,0,0,0,0,0,0,0,0,0,1,0,180,0,1
771,1280,1553,2,2,1,9,3,0,1,0,1,1,0,204,0,0,0,1,0,1,0,0,1,0,0,1,0,0,540,1825,0,1
716,1581,1581,1,2,1,1,1,0,1,0,0,1,0,339,0,1,0,0,0,0,0,0,0,0,0,1,0,1,1825,1825,0,1
1037,974,974,1,2,1,0,2,1,1,1,1,1,0,167,0,1,0,0,0,0,0,0,1,0,0,0,0,0,0,1825,0,1
1240,1977,3390,1,2,1,89,4,1,1,1,1,1,3,688,0,1,0,0,0,0,0,0,1,0,0,0,0,0,245,245,0,1
0,820,820,1,3,1,1,4,0,2,1,0,1,0,57,0,1,0,0,0,1,1,0,0,0,0,0,0,0,28,730,1,0
1339,601,601,2,2,1,15,2,0,1,1,1,1,1,159,0,1,0,0,0,0,0,0,1,0,0,0,0,0,90,90,0,1
1193,1035,1645,1,1,1,7,3,0,0,0,0,1,0,25,1,1,0,0,0,0,0,0,1,0,0,0,0,1,84,196,0,1
77,751,1450,1,3,1,1,6,1,1,1,0,1,4,492,0,1,0,0,0,0,0,0,1,0,0,1,1,0,0,1080,0,1
84,851,851,1,2,1,1,4,0,1,1,0,1,1,71,0,0,0,1,0,0,0,0,0,0,0,0,0,0,84,84,1,0
999,2253,2253,1,2,1,5,2,0,1,0,1,1,0,58,0,1,0,0,0,1,0,0,1,0,0,1,0,0,0,42,1,0
82,1524,1709,4,3,1,91,2,1,1,1,1,1,0,275,0,1,0,0,0,0,0,0,1,0,0,1,1,1,1680,1680,0,1
457,2100,2922,2,2,1,1,2,0,1,0,1,1,3,300,0,1,0,0,0,0,0,0,1,0,0,1,0,1,180,56,0,1
1325,202,202,1,3,1,27,3,1,1,1,0,1,3,467,0,1,0,0,0,0,0,0,1,0,0,0,0,1,0,1825,0,1
676,690,781,1,1,1,1,1,0,0,0,0,1,0,11,0,1,0,0,0,0,1,0,0,0,0,0,0,0,180,180,1,0
1570,658,1121,2,2,1,2,4,1,1,1,1,1,4,350,0,1,0,0,0,0,0,0,1,0,1,1,1,1,730,730,0,1
1164,152,152,1,2,1,76,2,1,1,1,0,1,4,441,0,0,0,1,0,0,0,0,1,0,0,0,0,0,1,5,0,1
436,1156,1704,1,2,1,1,2,0,1,0,0,1,0,171,0,1,0,0,0,1,0,0,1,0,0,1,0,0,0,360,0,1
770,427,427,1,2,1,0,3,1,1,1,1,1,2,10,0,1,0,0,0,0,0,0,1,0,0,1,0,1,1095,1095,0,1
869,969,2314,1,5,1,131,2,1,1,1,1,1,2,399,0,1,0,0,0,0,0,0,1,0,0,1,0,0,840,840,0,1
644,1887,2008,1,2,1,1,5,0,1,1,1,1,0,40,0,1,0,0,0,0,0,0,1,0,0,1,0,1,720,720,1,0
862,1552,1704,1,2,2,92,2,1,1,1,1,1,0,640,0,1,0,0,0,0,0,0,1,0,0,1,0,0,730,730,0,1
983,1843,1877,2,1,0,62,1,1,0,1,1,1,0,214,0,0,0,1,0,0,0,0,1,0,0,0,0,0,0,365,0,1
1456,670,1066,2,2,1,30,2,1,1,1,1,1,2,330,0,1,0,0,0,0,0,0,1,0,0,0,0,0,0,1825,0,1
1293,2861,3870,1,2,1,23,4,0,2,1,1,1,0,830,0,1,0,0,0,0,0,0,1,1,0,1,0,0,1825,1825,0,1
1624,601,1021,1,2,1,99,2,1,1,1,1,1,0,492,0,1,0,0,0,0,0,0,1,0,0,1,0,1,600,600,0,1
404,2132,2132,1,1,1,55,2,1,0,1,0,1,0,235,0,1,0,0,0,0,0,0,1,0,0,0,0,1,301,350,0,1
1415,3098,3098,5,2,1,3,2,0,0,1,0,1,0,28,0,1,0,0,0,1,0,0,0,1,0,0,0,0,1095,1825,0,1
1084,703,703,2,2,1,1,1,0,1,1,1,1,1,80,0,0,0,1,0,0,0,1,0,0,0,0,0,1,0,1825,0,1
1292,851,851,1,2,1,2,2,1,1,1,1,1,4,267,0,1,0,0,0,0,0,0,1,0,0,1,0,1,900,900,0,1
104,2310,2310,1,2,1,21,2,0,1,0,1,1,2,338,0,1,0,0,0,0,0,0,1,1,0,1,0,0,84,1825,0,1
609,427,427,1,2,1,1,2,1,1,1,0,1,2,634,0,1,0,0,0,0,0,0,1,0,0,0,0,0,0,1825,1,0
997,32,2782,1,2,1,1,4,0,1,1,1,1,0,196,0,1,0,0,0,0,0,0,1,1,0,1,0,0,90,90,1,0
1545,786,789,2,2,1,1,1,1,1,1,1,1,2,110,0,1,0,0,0,0,0,0,0,0,0,0,0,1,0,63,1,0
688,365,365,1,4,1,1,2,0,1,1,1,1,0,120,0,1,0,0,0,0,1,0,1,0,0,1,0,0,90,1095,1,0
1067,1055,2878,1,2,1,197,3,1,1,1,1,1,3,572,0,1,0,0,0,0,0,0,1,0,0,1,0,1,960,1770,0,1
826,752,1792,1,2,1,88,3,1,1,1,1,1,4,652,0,1,0,0,0,0,0,0,1,0,1,1,0,0,0,1080,0,1
1489,1310,1310,1,1,1,100,1,1,0,1,1,1,0,421,0,1,0,0,0,0,0,0,1,0,0,1,0,1,360,720,0,1
1061,548,548,1,2,1,1,1,0,1,1,0,1,0,101,0,0,0,0,1,0,0,0,1,0,0,0,0,0,0,2,0,1
62,2618,2618,1,1,1,1,1,0,0,2,1,1,0,51,0,1,0,0,0,0,0,0,0,0,1,0,0,0,1825,1825,0,1
281,1279,1340,1,2,1,1,3,0,1,0,1,1,1,201,0,1,0,0,0,0,0,1,0,0,0,1,0,0,180,180,0,1
852,2286,2592,10,2,2,1,4,0,1,1,1,1,0,101,0,0,0,0,1,0,0,0,1,0,0,1,0,0,28,360,0,1
778,760,790,5,2,1,1,3,0,1,0,1,1,1,116,0,0,0,1,0,0,0,0,1,0,0,0,0,0,35,1825,0,1
1100,1400,1553,1,2,1,1,7,0,1,0,1,1,4,71,0,1,0,0,0,0,0,0,1,0,0,1,0,0,60,60,0,1
238,2449,2449,1,2,1,1,2,0,1,0,1,1,0,392,0,1,0,0,0,0,0,0,1,0,0,0,0,0,1080,1825,0,1
223,336,336,2,2,1,45,4,1,1,1,0,1,2,255,0,1,0,0,0,0,0,0,1,0,0,0,0,0,0,1825,0,1
145,974,1715,1,2,1,260,2,1,1,1,1,1,0,792,0,1,0,0,0,0,0,0,1,0,0,1,0,1,1420,1420,0,1
1523,746,1315,1,2,1,5,4,1,1,1,1,1,2,651,0,1,0,0,0,0,0,0,1,0,0,1,1,0,0,730,0,1
373,891,891,2,2,1,25,2,0,1,1,1,1,4,141,0,1,0,0,0,0,0,0,1,0,0,0,0,1,120,120,0,1
1333,1126,2370,1,2,1,38,2,1,1,1,1,1,0,565,0,1,0,0,0,0,0,0,1,0,0,1,0,1,1095,1095,0,1
118,951,1945,1,2,1,1,3,1,1,1,1,1,3,413,0,1,0,0,0,0,0,0,1,0,1,1,1,1,900,900,0,1
1222,843,843,1,1,1,30,1,1,0,1,0,1,0,166,0,1,0,0,0,0,0,0,1,0,0,1,1,1,730,730,0,1
1328,825,1156,1,2,1,57,2,1,1,1,1,1,0,252,0,1,0,0,0,0,0,0,1,0,0,1,0,0,3650,3650,0,1
250,488,1127,1,2,1,0,2,1,1,1,1,1,0,217,0,1,0,0,0,0,0,0,1,0,0,1,1,1,120,1095,0,1
1573,782,851,2,2,1,1,2,0,1,0,0,1,0,315,0,0,0,0,1,0,0,0,1,0,0,0,0,0,0,5,0,1
1310,1322,2191,1,3,1,1,4,1,1,1,1,1,0,1010,0,1,0,0,0,0,0,0,1,0,1,1,1,1,1260,1650,0,1
1101,1660,2423,1,2,1,142,5,1,1,1,1,1,0,572,0,1,0,0,0,0,0,0,1,0,0,1,1,1,1140,1140,0,1
9,3330,3330,3,2,2,1,7,0,1,1,1,1,0,256,0,1,0,0,0,1,0,0,1,0,0,1,0,0,1825,1825,0,1
449,1249,3621,1,2,1,67,2,0,1,1,1,1,0,632,0,1,0,0,0,0,0,0,1,0,0,1,0,1,1200,4745,0,1
1259,609,762,1,2,1,35,5,1,1,1,1,1,3,143,0,1,0,0,0,0,0,0,1,0,0,0,0,1,0,1825,0,1
1034,1385,1919,1,4,1,118,2,1,1,1,1,1,0,491,0,1,0,0,0,0,0,0,1,0,0,1,1,1,900,1177,0,1
708,731,731,1,2,1,2,3,1,1,1,0,1,0,457,0,1,0,0,0,0,0,0,1,0,1,0,0,0,720,1825,0,1
255,1308,1369,1,2,2,4,2,1,2,1,0,1,4,20,0,1,0,0,0,0,0,0,1,0,0,0,0,0,0,1825,0,1
882,273,273,3,2,1,19,2,1,1,1,0,1,1,515,0,0,0,0,0,0,0,0,1,0,0,0,0,0,0,1825,0,1
593,1281,1281,1,2,0,1,2,0,2,0,0,1,4,24,0,1,0,0,0,0,0,0,1,0,0,0,0,1,0,1825,0,1
389,382,599,1,1,1,14,1,1,0,1,1,1,0,43,0,1,0,0,0,0,0,0,1,0,0,1,0,1,0,336,0,1
1280,1216,1216,1,2,2,74,2,1,1,1,1,1,0,433,0,1,0,0,0,0,0,0,1,0,0,1,0,1,720,1080,0,1
1302,1492,1675,1,2,1,46,3,1,1,1,1,1,0,160,0,1,0,0,0,0,0,0,1,0,0,1,0,1,540,540,0,1
557,625,681,1,4,1,33,1,1,1,1,0,1,2,323,0,1,0,0,0,0,0,0,1,0,0,0,0,0,0,1825,0,1
908,1276,1855,1,2,1,1,5,1,1,1,1,1,0,622,0,1,0,0,0,0,0,0,1,0,1,1,1,1,1080,1800,0,1
924,766,766,1,2,1,27,1,1,1,1,1,1,0,145,0,1,0,0,0,0,0,0,0,0,1,0,0,1,0,1825,0,1
1399,639,731,1,2,1,1,2,0,1,1,1,1,1,56,0,1,0,0,0,0,1,0,0,0,0,0,0,0,0,60,0,1
1007,584,1526,1,1,1,17,2,1,0,1,0,1,0,126,0,1,0,0,0,0,0,0,1,0,0,1,1,0,270,270,0,1
460,619,619,1,2,1,4,4,1,1,1,1,1,4,642,0,1,0,0,0,0,0,0,1,0,0,1,1,1,63,308,0,1
723,3285,3317,1,2,1,1,2,0,1,0,1,1,0,300,0,1,0,0,0,0,0,0,0,1,0,0,0,0,1095,1095,0,1
1041,243,334,1,2,1,1,1,0,1,1,1,1,1,40,1,1,0,0,0,1,0,0,0,0,0,0,0,0,1,60,0,1
1505,1555,1857,3,2,1,0,4,1,1,1,1,1,0,581,0,1,0,0,0,0,0,0,1,0,0,1,0,0,1095,1095,0,1
144,2513,2936,1,2,1,180,2,0,1,1,1,1,0,478,0,1,0,0,0,0,0,0,0,0,0,0,0,0,730,730,0,1
958,730,914,9,2,1,1,2,0,1,0,1,1,4,83,0,1,0,0,0,0,0,0,1,0,0,0,0,0,0,1825,0,1
501,655,655,1,2,1,44,4,1,1,1,1,1,4,214,0,1,0,0,0,0,0,0,1,0,0,0,0,1,140,140,0,1
922,361,1093,1,2,1,16,2,1,1,1,0,1,0,106,0,1,0,0,0,0,0,0,0,0,1,0,0,1,84,780,0,1
1188,1093,1093,1,2,1,1,3,0,1,1,1,1,0,75,0,1,0,0,0,0,0,0,1,0,0,0,0,1,2,46,0,1
739,580,731,1,4,1,172,3,1,1,1,1,1,4,1455,0,0,0,1,0,0,0,0,1,0,0,0,0,0,5,5,0,1
1583,2012,2012,1,3,1,3,2,0,1,0,0,1,0,101,0,0,0,0,0,0,0,0,1,0,0,0,0,1,0,1825,0,1
868,1157,1157,2,3,1,1,4,0,1,0,1,1,4,342,0,1,0,0,0,0,0,0,1,0,0,0,0,0,210,210,0,1
731,903,2334,1,2,1,1,3,1,1,1,1,1,0,243,0,1,0,0,0,0,0,0,1,0,0,1,1,1,904,904,0,1
539,427,455,1,2,1,1,2,0,1,0,0,1,0,84,0,1,0,0,0,0,0,0,1,0,0,0,0,0,0,1825,1,0
177,1687,2356,1,2,1,1,4,1,1,1,1,1,0,233,0,1,0,0,0,0,0,0,1,0,1,1,1,1,1590,2190,0,1
1575,791,1535,1,2,2,106,2,1,1,1,0,1,3,175,0,1,0,0,0,0,0,0,1,0,1,0,0,0,0,1825,0,1
697,197,197,2,1,1,2,1,0,0,1,1,1,0,39,0,0,1,0,0,0,0,0,1,0,0,0,0,1,0,1,0,1
1519,1759,2122,1,4,2,71,2,1,2,1,1,1,2,342,0,1,0,0,0,0,0,0,1,0,0,1,1,1,1710,2100,1,0
1134,787,929,1,2,2,39,2,1,1,1,1,1,0,128,0,1,0,0,0,0,0,0,1,0,1,1,0,0,750,750,0,1
1120,1106,1378,3,2,1,60,3,1,1,1,1,1,4,201,0,1,0,0,0,0,1,0,0,0,1,0,0,1,0,1825,0,1
1320,429,429,3,1,1,5,1,1,0,1,1,1,0,8,0,1,0,0,0,0,0,0,1,0,0,0,0,1,90,90,0,1
1626,671,671,2,2,1,2,2,0,1,0,1,1,3,91,0,0,0,0,1,0,0,0,0,0,0,0,0,1,49,49,1,0
7,2209,3193,10,2,1,1,3,0,1,1,1,1,0,20,0,1,0,0,0,0,0,0,0,1,1,0,0,1,180,1825,0,1
372,773,3376,1,2,1,223,3,1,1,1,1,1,4,668,0,1,0,0,0,0,0,0,1,0,0,1,0,1,600,1950,0,1
667,733,1216,2,3,1,110,4,1,1,1,1,1,3,388,0,1,0,0,0,0,0,0,1,0,0,0,0,1,35,168,0,1
1258,1620,1620,1,2,1,1,2,1,1,1,1,1,4,381,0,1,0,0,0,0,0,0,0,0,1,0,0,0,900,1825,0,1
1247,1065,1065,1,1,1,1,4,0,0,0,1,1,0,25,0,1,0,0,0,1,0,0,0,0,0,0,0,0,1080,90,0,1
357,1210,1217,1,1,1,52,1,1,0,1,1,1,0,151,0,1,0,0,0,0,0,0,0,0,1,0,0,1,1095,1095,0,1
967,488,519,1,2,1,1,1,0,1,2,1,1,0,24,0,1,0,0,0,1,0,0,0,0,0,0,0,0,0,2,0,1
783,1582,1582,1,2,1,1,2,0,0,2,0,1,1,82,0,0,0,1,0,0,0,0,0,0,1,0,0,0,360,1825,0,1
735,1309,2770,1,2,1,1,5,0,1,1,0,1,0,230,0,1,0,0,0,0,0,0,1,0,0,1,0,1,2700,2700,0,1
970,639,1783,1,1,1,0,1,1,0,1,0,1,0,100,0,1,0,0,0,0,0,0,1,0,0,0,0,0,180,1825,0,1
1246,1065,1065,1,1,1,13,5,1,0,1,1,1,0,50,0,1,0,0,0,0,0,0,1,0,0,1,0,1,1080,1080,0,1
1211,955,955,1,1,1,5,1,1,0,1,1,1,0,164,1,0,0,1,0,0,0,0,0,0,1,0,0,0,0,1825,0,1
1301,604,744,2,2,1,6,2,1,2,1,1,1,0,200,0,0,1,0,0,0,0,0,1,0,0,0,0,0,180,1825,0,1
1389,910,2828,1,2,1,1,4,1,1,1,1,1,0,495,0,1,0,0,0,0,0,0,1,0,1,1,1,1,730,990,0,1
1427,251,320,1,3,1,1,3,1,1,1,1,1,0,398,0,1,0,0,0,0,0,0,1,0,0,0,0,0,21,21,0,1
885,1234,1885,1,2,1,60,2,1,2,1,0,1,4,137,0,1,0,0,0,0,0,0,1,0,0,0,0,0,56,56,0,1
79,1169,1685,1,2,1,27,3,0,1,1,0,1,0,166,0,1,0,0,0,0,0,0,1,0,0,0,0,1,84,120,0,1
814,1318,1318,1,2,1,4,3,0,1,1,1,1,0,16,0,1,0,0,0,0,0,1,0,1,0,0,0,1,730,730,0,1
1054,419,493,1,1,1,21,1,1,0,1,0,1,0,144,0,1,0,0,0,0,0,0,1,0,0,0,0,1,168,168,0,1
671,1018,1088,3,2,1,68,2,1,1,1,1,1,0,218,0,1,0,0,0,0,0,0,1,0,0,1,1,0,150,150,0,1
1253,365,731,1,2,0,96,2,0,1,1,1,1,0,100,0,0,0,0,0,0,0,0,1,0,0,0,0,0,1825,1825,0,1
57,212,212,1,3,1,22,3,1,1,1,0,1,4,441,0,1,0,0,0,0,0,0,1,0,0,0,0,0,56,56,0,1
133,2644,3375,28,2,0,179,3,0,1,1,1,1,0,517,0,0,0,0,1,0,0,0,1,0,0,1,0,0,150,730,0,1
933,1082,1325,1,2,1,1,1,0,1,0,0,1,3,102,0,0,0,1,0,0,1,0,0,0,0,0,0,0,720,720,0,1
1381,730,1551,2,2,1,24,3,0,1,1,1,1,0,161,0,1,0,0,0,0,0,0,1,0,0,1,0,1,180,730,0,1
823,760,760,3,4,1,1,4,1,1,1,0,1,0,298,0,1,0,0,0,0,0,0,1,0,0,0,0,0,180,180,0,1
504,1037,1037,1,2,1,195,3,1,1,1,1,1,0,444,0,1,0,0,0,0,0,0,1,0,0,1,0,0,180,210,0,1
1563,2590,2590,3,2,1,16,1,0,1,1,1,1,0,556,0,0,0,0,1,0,0,0,1,0,0,1,0,1,42,84,0,1
347,1435,2404,1,2,1,5,2,1,1,1,1,1,4,195,0,1,0,0,0,0,0,0,1,0,0,1,1,1,210,210,0,1
386,1871,1970,1,2,1,140,5,1,1,1,0,1,0,595,0,1,0,0,0,0,0,0,1,0,0,1,0,0,90,270,0,1
1024,784,784,3,1,1,13,2,1,2,1,0,1,0,180,0,0,1,0,0,0,0,0,1,0,0,0,0,1,90,90,0,1
894,1317,2244,1,2,1,153,2,1,1,1,1,1,4,629,0,1,0,0,0,0,0,0,0,0,1,1,0,0,168,1095,0,1
828,2385,2385,2,2,1,0,2,1,1,1,0,0,0,99,0,1,0,0,0,0,0,0,1,0,0,0,1,0,1825,1825,0,1
1541,645,1216,1,2,1,140,2,1,1,1,1,1,0,478,0,1,0,0,0,0,0,0,1,0,0,1,0,1,0,180,0,1
475,1359,1988,1,2,1,200,10,1,2,1,1,1,0,499,0,1,0,0,0,0,0,0,1,0,0,1,0,1,1276,1276,0,1
1138,1766,1766,1,3,1,2,2,0,1,0,0,1,2,179,0,0,0,0,1,0,0,1,1,0,0,0,0,0,60,60,0,1
652,1355,1511,1,3,1,1,3,0,1,0,0,1,0,583,0,1,0,0,0,0,0,0,1,0,0,0,0,0,240,240,1,0
172,1491,1582,1,1,1,1,1,0,0,1,0,0,0,25,0,0,1,0,0,0,0,0,0,0,0,0,0,0,0,1825,0,1
38,276,354,1,2,2,24,2,1,1,1,0,1,4,503,0,1,0,0,0,0,0,0,1,0,0,0,0,0,0,1825,0,1
713,1439,3043,2,3,1,1,5,1,1,1,1,1,0,882,0,1,0,0,0,0,0,0,1,0,1,1,0,1,1410,1410,0,1
90,955,955,1,1,1,1,2,1,0,1,0,1,0,46,0,1,0,0,0,0,0,0,1,0,0,0,0,0,0,1825,0,1
1579,1674,1764,1,2,0,1,2,0,1,0,0,1,4,74,0,1,0,0,0,0,0,0,1,0,0,0,0,1,168,364,0,1
875,1492,1492,1,2,1,1,2,0,1,0,0,1,0,254,0,1,0,0,0,0,0,0,1,0,0,1,0,1,42,3000,0,1
1125,1510,3225,1,2,1,1,2,0,1,0,1,1,0,362,0,1,0,0,0,0,0,0,1,0,0,1,0,1,1080,1080,0,1
1525,579,669,1,1,1,3,1,0,0,1,0,1,0,81,0,1,0,0,0,0,0,0,1,0,0,0,0,1,0,360,0,1
1596,1844,1844,2,2,1,1,3,0,1,1,1,1,1,191,0,0,0,0,1,1,0,0,0,0,0,0,0,1,90,360,0,1
499,1045,1787,1,2,1,97,2,1,1,1,1,1,4,455,0,0,0,0,1,0,0,0,1,0,0,0,0,0,49,1825,0,1
338,234,586,1,2,1,30,2,1,1,1,0,1,4,351,0,1,0,0,0,0,0,0,1,0,0,0,0,1,0,360,0,1
28,1887,1887,2,2,1,1,2,0,1,2,0,1,4,55,0,0,0,1,0,0,0,0,1,0,0,0,0,0,1,360,0,1
1079,1534,1534,1,1,1,1,1,0,0,0,1,1,0,45,0,0,0,0,0,0,0,0,1,0,0,0,0,0,730,1825,0,1
1484,120,120,5,2,1,2,2,0,1,1,0,1,0,320,0,0,1,0,0,1,0,0,0,0,0,0,0,0,0,1825,0,1
945,1705,1919,1,2,1,8,2,0,1,1,1,1,0,134,0,1,0,0,0,0,0,0,0,1,0,1,0,0,42,1440,0,1
169,1522,1888,2,2,2,1,2,0,1,0,1,0,0,200,0,1,0,0,0,0,0,0,1,0,0,0,0,0,1095,1095,1,0
912,212,252,2,3,0,1,3,0,1,1,1,1,1,60,0,0,0,1,0,0,0,0,1,0,0,0,0,0,0,1825,1,0
491,169,172,1,3,1,24,3,1,1,1,0,1,4,655,0,1,0,0,0,0,0,0,1,0,0,0,0,0,30,1825,0,1
953,1465,1490,1,2,1,7,2,0,1,1,0,1,2,420,0,1,0,0,0,0,0,0,1,0,0,0,0,1,0,35,0,1
1032,731,912,2,2,1,1,1,0,1,1,1,1,0,140,1,1,0,0,0,0,0,0,1,0,0,0,0,0,720,720,0,1
587,560,3041,1,2,1,122,3,1,1,1,1,1,2,666,0,1,0,0,0,0,0,0,1,0,0,1,0,0,1560,1557,0,1
750,933,1298,2,2,1,53,2,1,1,1,1,1,4,266,0,1,0,0,0,0,0,0,1,0,0,0,0,0,91,1825,0,1
657,731,913,1,2,1,3,1,0,1,0,1,1,1,700,0,0,0,0,1,0,0,0,0,0,0,0,0,0,0,360,0,1
234,455,687,1,1,1,7,1,1,0,1,0,1,0,30,0,1,0,0,0,0,0,0,1,0,0,0,0,0,336,1825,0,1
732,2130,2130,2,2,1,1,1,0,1,1,1,1,1,111,0,0,0,1,0,0,0,0,1,0,0,0,0,1,0,1825,0,1
1196,905,905,1,2,1,0,2,1,1,1,1,1,0,326,0,1,0,0,0,0,0,0,1,0,0,1,1,0,1825,1825,1,0
1616,1552,1583,1,2,1,0,3,1,1,1,1,1,2,643,0,1,0,0,0,0,0,0,1,0,0,1,0,0,1825,1825,0,1
934,2453,2453,2,1,1,64,1,1,0,1,0,1,0,129,0,1,0,0,0,0,0,0,1,0,0,0,0,1,0,1825,0,1
1065,1192,1192,1,2,1,91,2,1,1,1,0,1,4,807,0,1,0,0,0,0,0,0,1,0,0,1,0,0,42,750,0,1
108,3487,3487,1,2,1,132,3,0,1,1,1,1,0,617,0,1,0,0,0,0,0,0,1,0,0,1,1,1,1825,1825,0,1
1262,2495,3631,1,2,1,22,2,0,1,1,0,1,0,259,0,1,0,0,0,0,0,0,1,0,0,0,0,0,70,1095,0,1
568,1427,1806,1,2,1,211,5,1,1,1,1,1,0,1253,0,1,0,0,0,0,0,0,1,0,0,1,0,1,1290,1460,0,1
890,183,183,1,1,1,7,1,1,0,1,0,1,0,105,0,1,0,0,0,0,0,0,1,0,0,0,0,0,0,1825,0,1
947,1518,1518,1,2,1,119,2,1,1,1,1,1,0,540,0,1,0,0,0,0,1,0,1,0,0,1,0,1,1460,1460,0,1
1048,822,1095,1,2,1,37,2,1,1,1,1,1,2,332,0,1,0,0,0,0,0,0,1,0,0,1,0,0,210,180,0,1
1361,1857,1918,1,2,1,2,4,1,1,1,0,1,4,124,0,1,0,0,0,0,0,0,1,0,0,0,0,1,180,180,0,1
884,146,267,1,2,0,1,2,0,1,0,1,1,1,11,0,0,0,0,1,0,0,1,0,0,0,0,0,0,56,56,1,0
1391,1225,1752,1,2,1,74,2,1,1,1,1,1,4,229,0,1,0,0,0,0,0,0,1,0,0,1,1,1,0,1710,0,1
850,837,1551,1,2,1,224,4,1,1,1,1,1,4,878,0,1,0,0,0,0,0,0,1,0,0,1,1,0,0,60,0,1
734,1643,1826,3,2,1,1,1,0,1,1,0,1,0,160,0,1,0,0,0,0,0,1,0,0,0,0,0,0,180,168,0,1
717,863,1854,1,2,1,191,2,1,1,1,0,1,0,350,0,1,0,0,0,0,0,0,1,0,0,1,1,0,1825,1825,0,1
454,1339,2222,1,2,1,93,4,1,1,1,1,1,4,500,0,1,0,0,0,0,0,0,1,0,1,0,0,0,0,1825,0,1
264,1528,1587,1,2,1,17,2,0,1,1,0,1,3,582,0,0,0,1,0,0,0,0,1,0,0,0,0,0,2,1825,0,1
75,825,3332,1,2,1,119,2,1,1,1,0,1,0,582,0,1,0,0,0,0,0,0,1,0,1,1,0,0,870,3300,0,1
444,1168,1168,1,4,1,75,2,1,1,1,1,1,4,135,0,1,0,0,0,0,0,0,1,0,0,0,0,1,84,84,0,1
395,394,578,1,2,1,1,2,0,1,0,0,1,4,420,0,1,0,0,0,0,0,0,1,0,0,0,0,0,56,56,0,1
176,665,1056,3,2,1,167,4,1,1,1,1,1,4,195,0,1,0,0,0,0,0,0,1,0,0,1,0,1,0,1057,0,1
1042,661,1091,1,2,1,0,2,1,1,1,0,1,0,234,0,1,0,0,0,0,0,0,1,0,0,0,0,1,0,730,0,1
1422,749,749,1,3,1,50,2,1,1,1,1,1,3,76,0,1,0,0,0,0,0,0,1,0,0,0,0,1,84,84,0,1
1192,1400,1400,1,2,1,3,2,0,1,0,1,1,2,44,0,0,0,0,1,0,0,0,1,0,0,0,0,0,3,1825,0,1
1516,568,568,1,2,1,1,2,0,1,0,0,1,1,100,0,0,0,1,0,1,0,0,0,0,0,0,0,0,2,2,0,1
595,1242,1242,1,1,1,86,3,1,0,1,0,1,0,301,0,1,0,0,0,0,0,0,1,0,0,0,0,1,720,720,0,1
61,1671,3677,1,2,1,183,7,1,1,1,1,1,0,1401,0,1,0,0,0,0,0,0,1,0,0,1,1,1,1460,3650,0,1
872,342,707,3,1,1,1,3,0,0,2,1,1,0,61,0,0,1,0,0,1,0,0,1,0,0,0,0,0,360,360,1,0
1214,1209,1308,1,2,1,14,4,0,1,1,1,1,4,354,0,1,0,0,0,0,0,0,1,0,0,1,0,1,1825,1825,0,1
1531,1526,1526,1,2,2,0,2,1,1,1,0,1,0,16,0,1,0,0,0,0,0,0,1,0,0,1,1,0,540,540,0,1
278,1183,2677,1,2,1,10,8,1,1,1,1,1,3,40,0,1,0,0,0,0,0,0,1,0,1,1,1,1,60,720,0,1
36,806,839,9,2,1,1,3,1,1,1,0,1,0,419,0,1,0,0,0,0,0,0,1,0,1,1,1,1,720,720,0,1
662,513,542,1,2,1,4,2,0,1,1,0,1,2,182,0,1,0,0,0,0,0,0,1,0,0,0,0,1,1,30,0,1
1474,1795,2525,1,3,1,69,3,1,1,1,1,1,0,397,0,1,0,0,0,0,0,0,1,0,0,1,0,0,1350,720,0,1
1176,512,751,1,2,1,119,4,1,1,1,0,1,3,627,0,1,0,0,0,0,0,0,1,0,0,1,0,1,126,21,0,1
977,1857,2038,1,2,1,1,1,0,1,1,1,1,0,110,0,1,0,0,0,0,0,0,1,0,0,0,0,0,0,730,0,1
738,813,813,1,1,1,1,3,0,0,0,0,1,0,19,0,0,1,0,0,0,1,0,1,0,0,0,0,0,0,1825,0,1
191,2428,2428,1,1,1,28,1,1,0,1,1,1,0,137,1,0,0,1,0,0,0,0,0,0,1,0,0,0,0,1825,0,1
919,1393,2322,1,2,1,131,2,1,1,1,1,1,0,367,0,1,0,0,0,0,0,0,1,0,0,1,0,0,1095,1095,0,1
456,62,123,1,2,1,1,2,0,1,0,1,1,1,260,0,0,0,0,1,0,0,0,1,0,0,0,0,0,0,1825,0,1
675,1164,1349,1,2,1,1,2,0,1,1,0,1,3,54,0,0,0,0,1,0,0,0,0,0,0,1,0,0,1095,730,0,1
760,517,547,1,2,1,1,2,1,1,1,1,1,4,242,0,1,0,0,0,0,0,0,1,0,0,0,0,0,8,22,0,1
1475,976,976,1,3,1,12,2,1,1,1,1,1,2,521,0,0,0,1,0,0,0,0,1,0,0,0,0,0,360,360,0,1
728,116,116,1,1,2,3,1,1,0,1,0,1,0,4,0,1,0,0,0,0,0,0,0,0,1,0,0,0,90,1825,0,1
412,952,2297,1,2,1,44,4,1,1,1,1,1,0,220,0,1,0,0,0,0,0,0,1,0,0,1,1,1,1825,1825,0,1
1098,626,1551,1,2,1,29,2,1,1,1,1,1,4,419,0,1,0,0,0,0,0,0,1,0,0,1,0,1,720,720,1,0
825,1439,1439,1,2,1,1,7,0,1,2,0,1,0,120,0,1,0,0,0,0,0,0,1,0,0,0,0,0,5,5,0,1
616,730,730,1,2,1,1,3,0,1,0,1,1,1,500,0,0,1,0,0,1,1,0,0,0,0,0,0,1,30,90,0,1
114,1249,1249,3,3,1,1,2,0,1,0,0,1,3,288,0,1,0,0,0,0,0,1,0,0,0,0,0,0,84,84,1,0
417,187,187,1,2,1,40,3,1,1,1,1,1,4,404,0,0,0,1,0,0,0,0,1,0,0,0,0,0,21,5,0,1
1555,1030,2020,1,2,1,79,2,1,2,1,1,0,0,867,0,1,0,0,0,0,0,0,0,0,1,1,0,1,1095,1460,0,1
969,1047,1731,1,2,1,193,6,1,1,1,1,1,0,793,0,1,0,0,0,0,0,0,1,0,1,1,1,1,930,930,0,1
604,1564,1639,2,2,1,1,4,1,1,1,1,1,4,479,0,1,0,0,0,0,0,0,1,0,0,1,1,0,1140,1140,0,1
1561,931,1813,1,2,1,24,2,1,1,1,1,1,4,151,0,1,0,0,0,0,0,0,1,0,0,1,0,1,360,1080,0,1
89,1674,2988,1,2,1,160,3,1,1,1,1,1,4,358,0,1,0,0,0,0,0,0,1,0,0,1,1,1,900,2130,0,1
848,3167,3167,6,2,1,7,4,0,1,0,0,1,0,48,0,1,0,0,0,0,0,0,1,1,0,1,0,0,2920,2920,0,1
1242,227,583,1,2,1,30,2,1,1,1,0,1,4,351,0,1,0,0,0,0,0,0,1,0,0,0,0,1,0,360,0,1
1560,2227,2227,1,2,1,61,1,1,2,1,1,1,0,114,0,1,0,0,0,0,0,0,1,0,0,0,0,1,21,1460,0,1
753,578,2150,1,2,1,18,3,1,1,1,1,1,0,351,0,1,0,0,0,0,0,0,1,0,1,1,1,1,510,1680,0,1
498,4006,4006,2,4,1,107,5,1,2,1,0,0,0,232,0,1,0,0,0,0,0,0,1,0,0,0,0,0,3650,1825,0,1
11,2769,2769,1,1,1,3,1,0,0,0,0,1,0,51,0,0,0,1,0,0,0,0,1,0,0,0,0,1,360,360,1,0
396,2433,2433,1,2,1,53,1,0,1,0,1,1,0,291,0,1,0,0,0,0,0,0,1,0,0,0,0,1,0,360,0,1
284,303,303,1,3,1,1,3,1,1,1,0,1,2,519,0,1,0,0,0,0,0,0,1,0,0,0,0,0,0,1825,0,1
1066,428,428,1,2,1,1,2,1,1,1,0,1,0,290,0,1,0,0,0,0,0,0,1,0,0,0,0,1,0,3,0,1
690,2145,3378,1,2,1,52,2,0,1,1,1,1,0,493,0,1,0,0,0,0,0,0,1,0,0,1,0,0,1095,1080,0,1
1335,3440,3440,1,4,1,48,5,0,0,1,0,1,0,807,1,1,0,0,0,0,0,0,1,0,0,1,1,0,0,1825,0,1
1585,608,1164,1,2,1,1,3,0,0,1,0,1,0,26,0,1,0,0,0,1,0,0,1,0,0,0,0,0,0,0,0,1
689,2714,2714,1,2,1,3,2,0,1,1,1,1,0,243,0,0,0,0,0,0,0,0,0,0,0,1,0,0,540,540,0,1
851,1348,1715,1,2,1,82,2,1,1,1,1,1,2,220,0,1,0,0,0,0,0,0,1,0,0,1,0,1,2920,2920,0,1
159,1876,1926,1,2,1,1,5,0,1,1,0,1,2,414,0,0,0,1,0,0,0,0,1,0,0,0,0,0,30,90,0,1
895,554,554,1,2,1,16,2,1,1,1,1,1,0,14,0,1,0,0,0,0,0,0,0,0,1,0,0,0,450,1825,0,1
1289,716,2416,1,3,1,158,7,1,1,1,1,1,4,634,0,1,0,0,0,0,0,0,1,0,0,1,0,0,252,1460,0,1
257,768,1114,1,1,1,100,2,1,0,1,1,1,0,552,0,1,0,0,0,0,0,0,1,0,0,1,0,1,360,720,0,1
335,761,761,1,2,1,0,7,1,1,1,0,1,0,743,0,1,0,0,0,0,0,0,1,0,0,1,0,1,224,1460,0,1
1532,830,1284,1,4,1,68,5,1,1,1,1,1,2,208,0,1,0,0,0,0,0,0,1,0,0,1,0,1,1320,1320,0,1
1039,1368,1733,4,2,1,7,2,0,1,1,1,1,2,1114,1,0,0,1,0,0,0,1,0,0,0,0,0,0,0,360,0,1
515,959,1380,3,2,1,4,2,0,1,1,0,1,0,59,0,0,1,0,0,0,0,0,0,0,0,0,0,0,60,60,0,1
1015,1127,1158,1,2,1,15,3,0,1,1,1,1,1,548,0,0,0,0,1,0,0,0,0,0,0,0,0,0,360,360,0,1
768,654,1338,1,2,1,23,1,1,0,1,1,1,0,102,0,1,0,0,0,0,0,0,1,0,0,0,0,1,1350,1350,0,1
1472,1194,1194,1,1,1,1,1,0,0,0,1,1,0,299,0,0,1,0,0,0,0,0,1,0,0,0,0,1,0,3,1,0
761,1736,1745,1,2,1,4,5,0,1,1,1,1,0,435,0,1,0,0,0,0,0,0,1,0,0,1,0,1,360,1440,0,1
1469,243,243,2,1,1,1,1,1,2,1,0,1,3,91,0,1,0,0,0,0,0,0,1,0,0,0,0,1,0,56,0,1
1619,827,2983,1,2,1,141,6,1,1,1,1,1,0,541,0,1,0,0,0,0,0,0,1,0,1,1,0,0,840,2670,0,1
521,1887,2253,2,2,1,1,3,0,1,1,1,1,4,184,0,1,0,0,0,0,0,0,1,1,0,0,0,1,112,112,0,1
22,1637,2040,1,2,1,0,7,1,1,1,1,1,3,838,0,1,0,0,0,0,0,0,1,0,0,1,0,0,1825,1825,0,1
356,700,700,1,2,0,1,2,0,1,0,0,1,3,40,0,1,0,0,0,0,0,0,1,0,0,0,0,0,1,1,0,1
1380,1430,1755,3,2,1,11,1,0,2,2,1,0,0,64,0,1,0,0,0,0,0,0,1,0,0,0,0,0,0,56,1,0
340,554,1434,1,2,1,79,5,1,1,1,0,1,0,444,0,1,0,0,0,0,0,0,1,0,0,1,0,1,180,1410,0,1
431,1308,1308,1,1,1,201,5,1,0,1,0,1,0,3017,0,1,0,0,0,1,0,0,1,0,0,1,0,1,1290,1290,0,1
473,366,458,1,2,1,1,4,0,1,0,1,1,3,30,0,1,0,0,0,0,0,0,1,0,0,0,0,0,0,1825,1,0
217,1261,1261,2,1,1,30,1,1,0,1,0,1,0,400,0,1,0,0,0,0,0,0,0,0,1,0,0,1,730,730,0,1
911,519,1249,1,2,1,2,6,0,1,1,1,1,4,124,0,1,0,0,0,0,0,0,1,0,0,0,0,0,0,1095,1,0
1314,670,670,6,5,0,15,3,1,1,1,0,1,0,55,0,1,0,0,0,0,0,0,1,0,0,0,0,0,56,5,0,1
1011,576,607,3,2,1,1,2,0,1,0,1,1,0,230,1,0,0,0,0,0,0,0,0,0,0,0,0,0,56,56,0,1
1589,2406,2657,3,2,1,1,1,0,1,0,1,1,0,105,0,1,0,0,0,1,0,0,0,0,0,1,0,0,1825,1825,0,1
93,634,1239,1,2,1,1,2,1,1,1,1,1,4,520,0,1,0,0,0,0,0,0,1,0,0,1,1,1,126,1230,0,1
1008,728,2033,2,2,1,135,5,1,1,1,1,1,2,645,0,1,0,0,0,0,0,0,1,0,0,1,1,0,780,900,0,1
1070,1033,1033,1,2,1,2,1,0,1,1,1,1,1,200,0,1,0,0,0,0,0,1,0,0,0,0,0,0,90,90,0,1
1092,1360,1360,3,1,1,123,1,1,0,1,0,0,0,256,0,1,0,0,0,0,0,0,1,0,0,1,0,1,1095,1095,0,1
696,3016,3016,10,2,1,341,2,1,1,1,1,1,0,866,0,1,0,0,0,0,0,0,1,0,0,1,0,1,24960,24960,0,1
1463,973,3052,3,2,1,97,3,1,1,1,1,1,4,302,0,1,0,0,0,0,0,0,1,0,0,1,0,1,810,2920,0,1
996,1185,1185,3,2,1,1,2,0,1,1,1,1,0,120,0,1,0,0,0,0,0,0,1,0,0,0,0,0,30,15,1,0
153,1258,2337,1,2,1,1,5,1,1,1,1,1,3,125,0,1,0,0,0,0,0,0,1,0,1,1,1,1,1170,990,0,1
1099,305,305,2,2,1,1,2,0,1,0,1,1,2,20,0,0,0,1,0,0,0,0,0,0,0,0,0,0,0,1825,1,0
1557,575,1377,1,2,1,1,2,0,1,1,1,1,0,246,0,1,0,0,0,0,0,0,1,0,0,1,0,1,0,720,0,1
1631,595,2123,1,2,1,192,2,1,1,1,1,1,0,795,0,1,0,0,0,0,0,0,1,0,0,1,0,0,1058,2089,0,1
789,1584,1673,2,3,1,7,4,1,1,1,0,1,4,186,0,1,0,0,0,0,0,0,1,0,0,0,0,1,180,180,0,1
580,1935,2019,1,3,1,90,4,1,1,1,1,1,2,358,0,1,0,0,0,0,0,0,1,0,0,0,0,1,0,182,0,1
703,273,395,1,3,1,13,5,1,1,1,0,1,2,135,0,0,0,0,1,0,0,0,0,0,1,0,0,0,21,112,0,1
1366,669,759,3,2,1,292,2,0,1,1,1,1,3,262,0,0,0,0,1,0,0,0,0,0,0,0,0,1,84,175,0,1
487,214,638,2,2,1,1,1,0,1,0,0,1,1,30,0,1,0,0,0,0,0,0,0,0,0,0,0,0,7,7,0,1
559,974,2924,1,4,1,155,3,1,1,1,1,1,3,392,0,1,0,0,0,0,0,0,1,0,0,1,0,0,1825,1825,0,1
1141,395,395,1,2,1,4,2,0,1,0,0,1,0,80,0,1,0,0,0,1,0,0,0,0,0,0,0,0,0,0,0,1
1119,2771,2922,1,2,1,10,2,0,1,1,1,1,4,354,0,0,0,1,0,0,0,0,1,0,0,0,0,0,30,30,1,0
801,1004,1734,6,3,1,1065,3,0,1,1,0,0,0,53,0,1,0,0,0,0,0,0,1,0,0,1,1,1,730,730,1,0
512,945,945,2,2,2,63,3,1,1,1,1,1,0,20,0,1,0,0,0,0,0,0,1,0,1,0,0,0,750,1825,0,1
633,457,457,1,2,1,1,2,0,1,0,0,1,1,101,0,1,0,0,0,1,0,0,0,0,0,0,0,0,0,1825,0,1
1203,243,243,1,2,1,1,2,0,1,0,0,1,4,28,1,1,0,0,0,0,0,0,0,0,0,0,0,1,60,120,1,0
1632,992,992,2,1,0,1,1,1,0,1,0,1,0,101,1,0,0,1,0,0,0,0,0,0,1,0,0,1,900,900,0,1
1150,184,184,4,2,2,1,2,0,1,0,1,1,1,500,0,1,0,0,0,0,0,0,1,0,0,0,0,0,0,1825,1,0
790,581,581,2,2,1,1,2,0,1,0,1,1,4,90,1,0,0,1,0,0,0,0,1,0,0,0,0,0,0,1825,0,1
116,1147,2065,1,2,1,129,1,1,1,1,1,1,0,363,0,1,0,0,0,0,0,0,0,0,1,1,0,1,360,1800,0,1
740,1037,1037,1,1,1,10,3,1,0,1,1,1,0,12,0,1,0,0,0,0,0,0,1,0,0,0,0,0,1095,1825,0,1
1081,699,699,1,3,2,1,3,0,1,0,1,1,1,51,0,0,0,1,0,0,0,0,1,0,0,0,0,0,14,1825,0,1
830,365,424,1,2,1,19,2,1,1,1,1,1,3,106,0,1,0,0,0,0,0,0,1,0,0,0,0,1,0,119,0,1
119,520,555,1,2,1,60,2,1,1,1,1,1,3,557,0,1,0,0,0,0,0,0,1,0,0,0,0,0,0,1825,0,1
656,1224,1520,2,2,2,1,2,0,2,1,0,1,2,34,0,1,0,0,0,0,0,0,1,0,0,0,0,1,546,360,1,0
1552,1857,1857,1,2,2,17,1,0,1,2,1,1,0,220,0,1,0,0,0,0,0,0,0,1,0,1,0,0,0,1825,0,1
635,1035,1035,4,1,2,1,1,1,0,1,0,1,0,94,0,1,0,0,0,0,0,0,1,0,0,0,0,1,364,364,0,1
369,791,821,4,2,1,6,3,1,1,1,0,1,0,81,0,1,0,0,0,0,0,0,1,0,0,0,0,0,0,1825,0,1
268,1095,1369,1,3,1,1,3,0,1,0,1,1,3,100,0,0,0,1,0,0,0,0,1,0,0,0,0,0,180,1825,1,0
655,509,510,1,1,1,1,1,1,0,1,1,1,0,157,0,1,0,0,0,0,0,0,1,0,0,0,0,1,364,364,0,1
935,611,1037,3,2,1,12,3,0,1,1,1,1,3,107,0,1,0,0,0,0,0,0,1,0,0,1,1,0,0,1080,1,0
822,430,430,1,2,1,1,2,1,2,1,1,1,0,280,0,0,1,0,0,0,0,0,1,0,0,0,0,1,180,180,0,1
866,914,1705,1,3,1,1,1,0,1,0,0,1,1,23,0,1,0,0,0,1,0,0,0,0,0,0,0,0,90,1825,0,1
46,382,382,1,2,2,65,2,1,1,1,0,1,2,263,0,1,0,0,0,0,0,0,1,0,0,0,0,0,0,1825,0,1
1402,4349,4349,1,2,1,3,2,0,1,1,1,1,2,69,0,1,0,0,0,0,0,0,1,0,0,0,0,0,0,0,0,1
991,383,401,1,2,1,45,2,1,1,1,1,1,0,159,0,1,0,0,0,0,0,0,1,0,0,0,0,0,0,28,0,1
876,2339,2339,1,3,1,50,2,0,1,1,0,1,0,221,0,1,0,0,0,0,0,0,1,0,0,1,0,0,1825,1825,0,1
773,1982,2174,1,2,2,1,1,0,1,1,0,1,0,107,0,0,1,0,0,0,0,0,0,0,0,0,0,0,1095,1825,0,1
1219,560,585,2,2,1,12,2,1,1,1,0,1,0,112,0,0,1,0,0,0,1,0,1,0,0,0,0,0,0,0,0,1
1633,653,697,1,2,1,2,2,1,1,1,0,1,4,93,0,1,0,0,0,0,0,0,1,0,0,0,0,0,0,1825,0,1
4,1065,1127,1,3,0,1,2,0,1,0,1,0,0,24,1,0,1,0,0,0,0,0,1,0,0,0,0,0,1,1,0,1
1003,2897,2897,1,5,1,5,4,0,1,1,1,1,0,47,0,1,0,0,0,0,0,0,1,0,0,0,0,0,1080,20,0,1
1554,335,547,1,3,1,1,2,0,1,1,1,1,3,60,0,1,0,0,0,0,0,0,0,0,0,0,0,0,360,1825,1,0
263,304,304,1,2,1,3,2,0,1,0,0,1,3,100,0,1,0,0,0,1,0,0,0,0,0,0,0,0,90,1825,0,1
1283,1012,1012,1,1,1,4,1,1,0,1,0,1,0,9,0,1,0,0,0,0,0,0,1,0,0,0,0,0,511,1825,0,1
1493,610,610,1,2,1,2,2,0,1,0,1,1,0,140,0,1,0,0,0,0,0,0,1,0,0,0,0,0,42,180,0,1
443,1459,1459,1,2,1,1,2,0,1,0,1,1,0,442,0,1,0,0,0,0,0,0,1,0,0,1,0,1,1825,1825,0,1
1002,992,1728,1,2,1,187,3,1,1,1,1,1,4,568,0,1,0,0,0,0,0,0,0,0,1,1,1,1,960,960,0,1
1077,1449,1671,5,2,1,1,8,0,1,1,1,1,0,650,0,1,0,0,0,0,0,0,1,0,1,1,0,1,1825,1825,0,1
837,394,394,1,2,0,7,2,1,1,1,0,1,4,500,1,0,0,1,0,0,0,0,0,0,1,0,0,1,28,28,0,1
1461,366,366,2,2,1,1,1,0,1,0,0,1,1,200,1,0,0,0,0,0,0,0,1,0,0,0,0,0,0,1825,0,1
304,596,700,1,2,1,129,4,1,1,1,1,1,2,768,0,1,0,0,0,0,0,0,1,0,0,1,0,0,0,1825,0,1
1273,1247,1247,1,1,1,39,1,1,0,1,1,1,0,140,0,1,0,0,0,0,0,0,1,0,0,1,0,1,960,1860,0,1
313,911,911,2,3,1,1,3,0,1,0,1,1,1,213,0,1,0,0,0,0,0,0,1,0,0,0,0,1,2,2,0,1
149,1786,1786,1,2,1,197,2,1,1,1,1,1,4,758,0,0,0,1,0,0,0,0,0,0,1,0,0,1,1080,3650,0,1
1148,1155,1155,1,2,1,1,2,0,1,0,0,1,0,240,0,1,0,0,0,0,0,0,1,0,0,0,0,0,42,42,0,1
1213,518,546,1,1,1,1,1,0,0,0,0,1,0,60,0,0,1,0,0,0,0,0,1,0,0,0,0,0,360,1825,0,1
574,273,273,1,1,1,0,1,1,0,1,0,1,0,126,0,1,0,0,0,0,0,0,1,0,0,0,0,1,0,1,0,1
50,1004,2657,1,2,1,47,3,1,1,1,1,1,0,207,0,1,0,0,0,0,0,0,1,0,0,1,1,1,990,1920,0,1
1270,633,633,1,2,1,1,1,0,1,0,0,1,0,52,0,1,0,0,0,0,0,0,1,0,0,0,0,0,84,84,0,1
726,3502,3502,1,2,1,54,4,0,1,0,1,1,0,204,0,1,0,0,0,0,0,0,1,0,0,1,0,1,1460,1460,0,1
833,2353,2717,1,2,1,11,1,0,1,1,1,1,0,132,0,1,0,0,0,0,0,0,0,1,0,0,0,0,360,730,0,1
1115,1073,2176,1,2,1,189,4,1,1,1,1,1,2,749,0,1,0,0,0,0,0,0,1,0,1,1,1,1,1020,1020,0,1
1166,1174,1174,2,2,1,2,2,0,1,0,1,1,3,132,0,0,0,0,1,0,0,0,1,0,0,0,0,1,70,84,0,1
470,1452,2467,2,2,1,0,2,1,1,1,1,1,4,1509,0,1,0,0,0,0,0,0,1,0,0,1,0,0,1440,1770,0,1
971,1086,1117,2,2,1,7,2,0,1,0,1,1,2,800,0,1,0,0,0,1,0,0,1,0,0,0,0,1,0,30,0,1
653,869,1967,1,2,1,147,4,1,1,1,1,1,4,731,0,1,0,0,0,0,0,0,1,0,0,1,1,0,900,900,0,1
399,275,275,4,1,1,14,2,1,0,1,0,1,0,208,0,0,1,0,0,0,0,0,1,0,0,0,0,0,60,60,0,1
511,1643,731,1,2,1,72,2,0,1,1,1,1,0,544,0,1,0,0,0,0,0,0,1,0,0,1,0,1,1460,1460,0,1
320,3516,3516,1,2,1,1,2,0,0,0,1,1,0,165,0,1,0,0,0,0,0,0,1,1,0,0,0,0,0,0,1,0
19,1431,1431,1,1,1,25,3,1,0,1,0,1,0,155,0,1,0,0,0,0,0,0,1,0,0,1,1,1,28,1620,0,1
684,184,245,2,2,1,1,2,0,1,0,1,1,1,200,0,0,0,0,1,0,0,0,1,0,0,0,0,0,0,1825,0,1
35,1009,1009,1,0,1,1,1,0,0,0,1,1,0,2,0,1,0,0,0,0,0,0,1,0,0,0,0,0,28,360,0,1
902,730,730,10,2,1,1,2,0,1,0,1,1,4,274,0,1,0,0,0,0,0,0,1,0,0,0,0,1,0,1825,1,0
827,766,912,1,2,1,14,1,1,1,1,1,1,2,406,0,1,0,0,0,0,0,0,0,0,0,0,0,0,0,1825,0,1
1466,486,670,2,2,1,0,2,1,2,1,1,1,2,155,0,1,0,0,0,0,0,0,1,0,0,0,0,1,1,245,1,0
407,1040,1797,1,2,1,132,4,1,1,1,1,1,0,512,0,1,0,0,0,0,0,0,1,0,0,1,1,1,730,1825,0,1
920,1106,1277,2,2,1,0,2,1,1,1,1,1,3,406,0,1,0,0,0,0,0,0,1,0,0,0,0,0,0,1825,0,1
537,761,761,1,2,1,0,2,1,1,1,0,1,0,160,0,1,0,0,0,0,0,0,1,0,0,0,0,0,0,0,0,1
758,1626,1626,1,2,1,113,5,1,1,1,1,1,0,543,0,1,0,0,0,0,0,0,1,0,0,1,1,1,1095,1825,0,1
1062,1766,1978,1,2,1,91,4,0,1,1,1,1,0,932,0,1,0,0,0,0,0,0,1,0,0,1,0,1,600,150,0,1
1199,761,761,1,2,1,44,3,1,1,1,0,1,2,353,0,1,0,0,0,0,0,0,1,0,0,0,0,0,0,1825,0,1
245,248,974,1,2,1,143,3,1,1,1,1,1,0,93,0,1,0,0,0,0,0,0,1,0,0,0,0,1,0,750,0,1
1127,1450,2216,3,2,1,0,3,1,1,1,1,1,0,131,0,1,0,0,0,0,0,0,1,0,0,0,1,1,240,450,0,1
784,1831,1895,1,2,1,37,2,1,1,1,0,1,4,560,0,1,0,0,0,0,0,0,1,0,0,1,0,0,720,2160,0,1
489,550,550,1,3,1,121,3,1,1,1,0,1,3,700,0,1,0,0,0,0,0,0,1,0,0,0,0,0,0,84,0,1
154,1035,1096,1,2,1,74,3,0,1,1,1,1,0,316,0,1,0,0,0,0,0,0,1,0,0,1,0,0,1825,2190,0,1
961,28,120,2,2,1,5,2,1,2,1,1,1,0,48,0,1,0,0,0,0,0,0,1,0,0,0,0,0,0,1825,1,0
853,1976,1976,1,2,1,2,3,0,1,1,1,1,2,207,0,1,0,0,0,0,0,1,1,0,0,0,0,0,0,1825,0,1
625,1021,2243,1,2,1,0,2,1,1,1,1,1,4,573,0,1,0,0,0,0,0,0,1,0,0,1,0,0,419,990,0,1
685,3643,3643,5,1,1,1,1,0,0,1,0,1,0,21,0,0,0,0,1,0,0,0,1,0,0,0,0,0,3285,3285,1,0
569,2312,2404,1,2,2,1,2,0,1,0,0,1,0,220,0,0,1,0,0,0,1,0,1,0,0,0,0,0,1080,1825,0,1
1553,2179,2486,2,3,1,167,3,1,1,1,1,1,0,624,0,1,0,0,0,0,0,0,1,0,1,1,0,0,630,1825,0,1
17,1735,1735,1,2,1,1,1,0,1,1,1,1,0,305,0,1,0,0,0,0,0,1,0,0,0,0,0,0,0,1825,0,1
127,639,731,8,2,1,3,2,0,1,1,1,1,0,595,0,1,0,0,0,0,0,0,1,0,0,1,0,0,168,1825,1,0
1606,1807,2479,2,2,1,244,3,1,1,1,1,1,3,539,0,1,0,0,0,0,0,0,1,0,0,1,0,1,1095,2190,0,1
927,1748,3885,1,1,1,118,1,1,0,1,1,1,0,481,0,1,0,0,0,0,0,0,1,0,0,0,0,0,720,1825,0,1
980,857,1129,2,2,1,104,4,1,1,1,0,1,4,229,0,1,0,0,0,0,0,0,1,0,0,0,0,1,0,364,0,1
1602,2173,2951,5,2,1,289,4,0,1,1,1,1,0,57,0,1,0,0,0,0,0,0,1,0,1,0,0,1,300,730,0,1
190,1352,1352,3,2,1,58,3,1,1,1,1,1,0,492,0,1,0,0,0,0,0,0,1,0,0,1,1,1,1440,1440,1,0
1139,1172,1172,1,2,1,74,5,0,1,1,1,1,0,460,0,1,0,0,0,0,0,0,1,0,0,1,0,1,730,1460,0,1
992,679,699,2,2,1,1,2,0,1,0,0,1,3,90,0,0,0,1,0,1,0,0,0,0,0,0,0,0,2,2,1,0
1594,1770,1770,1,1,1,10,1,1,0,1,0,1,0,31,0,1,0,0,0,0,0,0,1,0,0,1,0,1,1800,1800,0,1
1357,1475,1475,2,2,1,8,3,0,1,0,1,1,1,88,0,1,0,0,0,0,0,0,1,0,0,1,0,1,180,720,1,0
606,592,652,1,2,1,5,2,0,1,1,0,1,0,126,0,0,0,0,0,0,1,0,1,0,0,0,0,0,0,1825,1,0
180,2551,2551,1,2,1,106,4,1,1,1,1,1,3,416,0,1,0,0,0,0,0,0,1,0,0,1,0,0,2520,2520,0,1
301,3312,3312,2,1,2,0,2,1,0,1,0,1,0,32,0,1,0,0,0,0,0,0,1,0,0,0,0,0,3285,1825,0,1
496,4382,731,1,11,0,98,1,0,1,1,1,1,0,685,0,1,0,0,0,0,0,0,1,0,0,1,0,0,730,1825,0,1
1403,1553,1582,27,2,0,35,4,0,1,1,1,1,2,226,0,0,0,0,1,1,0,0,1,0,0,0,0,0,0,1825,0,1
1362,2191,2191,1,2,1,14,7,0,1,0,1,1,0,111,0,1,0,0,0,0,0,0,1,0,0,1,0,1,1095,730,0,1
1342,788,1484,1,2,1,186,3,1,1,1,1,1,0,572,0,1,0,0,0,0,0,0,1,0,0,1,0,0,9125,9125,0,1
517,1310,1310,1,2,1,134,5,1,1,1,1,1,2,432,0,1,0,0,0,0,0,0,1,0,0,1,0,1,1350,2220,0,1
1069,2737,2737,1,2,1,134,1,1,1,1,0,1,0,1428,0,1,0,0,0,0,0,0,1,0,0,0,0,1,2640,2640,0,1
476,824,1566,10,2,1,23,1,0,1,1,1,1,0,405,1,0,0,0,1,0,0,0,0,0,0,1,0,0,84,1095,0,1
157,699,699,1,2,1,20,2,1,1,1,0,1,4,108,0,1,0,0,0,0,0,0,1,0,0,0,0,1,0,360,0,1
1243,913,913,2,2,0,1,2,0,1,1,1,1,3,48,0,1,0,0,0,0,0,0,1,0,0,0,0,0,4,7,0,1
1195,2454,2574,3,2,1,27,2,0,1,1,1,1,4,616,0,0,0,0,1,0,0,0,1,0,0,0,0,1,30,120,0,1
16,123,153,2,4,1,1,4,0,1,0,1,1,1,200,0,0,0,0,1,0,0,0,1,0,0,0,0,0,0,0,0,1
1072,1145,1538,1,2,1,215,5,1,1,1,1,1,3,1030,0,1,0,0,0,0,0,0,1,0,1,1,1,1,840,900,0,1
1609,2634,2634,1,4,1,161,7,0,1,1,1,1,0,926,0,1,0,0,0,0,0,0,1,0,1,0,0,0,2190,2190,0,1
546,1369,1430,4,2,1,2,2,0,2,1,0,1,3,64,0,0,0,0,1,0,0,0,0,0,0,0,0,1,14,14,0,1
658,808,808,2,1,1,16,1,1,0,1,0,1,0,188,0,0,1,0,0,0,0,0,1,0,0,0,0,1,42,42,1,0
1330,257,314,1,3,1,16,3,1,1,1,0,1,4,665,0,1,0,0,0,0,0,0,1,0,0,0,0,0,60,1825,0,1
1019,1210,2404,1,2,1,5,2,1,1,1,1,1,4,219,0,1,0,0,0,0,0,0,1,0,0,1,1,1,270,270,0,1
1455,426,426,2,2,1,1,1,0,1,0,1,1,4,18,0,0,0,0,0,0,0,0,1,0,0,0,0,0,2,1825,1,0
959,1363,1363,2,2,1,1,1,0,1,0,1,1,0,189,0,1,0,0,0,0,0,0,1,0,0,0,0,1,180,180,0,1
1534,1232,1254,3,2,1,53,3,1,1,1,1,1,4,203,0,1,0,0,0,0,1,0,0,0,1,0,0,1,0,1825,0,1
283,975,1687,4,1,1,35,1,1,0,1,0,1,0,38,0,1,0,0,0,0,0,0,1,0,0,0,0,1,168,896,0,1
797,581,701,1,2,1,1,2,0,1,1,0,1,4,24,0,1,0,0,0,0,0,0,1,0,0,0,0,1,4,4,0,1
1331,609,609,1,2,1,1,2,0,1,1,1,1,2,12,0,1,0,0,0,1,0,0,0,0,0,0,0,0,730,730,0,1
225,854,1311,2,2,1,0,2,1,1,1,1,1,4,495,0,1,0,0,0,0,0,0,1,0,0,0,0,0,84,84,0,1
26,1066,1311,2,2,1,0,2,1,1,1,1,1,4,513,0,1,0,0,0,0,0,0,1,0,0,0,0,1,0,1825,0,1
1447,2474,4035,1,2,1,7,2,0,1,0,1,1,0,103,0,1,0,0,0,0,0,0,0,1,0,1,0,1,0,1800,0,1
437,1892,1892,2,3,2,28,6,0,1,1,1,1,0,346,0,0,0,1,0,1,0,0,1,0,0,1,0,0,730,730,0,1
1588,694,730,3,2,1,1,1,0,1,2,0,1,1,40,0,1,0,0,0,0,1,0,0,0,0,0,0,0,0,1825,0,1
229,1492,1492,2,2,1,1,2,0,2,0,1,1,1,56,0,1,0,0,0,0,1,0,1,0,0,0,0,0,35,35,0,1
37,1357,4022,1,2,1,35,3,0,1,1,1,1,0,75,0,1,0,0,0,0,0,0,1,0,0,1,0,0,270,900,0,1
749,925,1493,1,2,1,42,2,0,1,1,0,1,0,191,0,1,0,0,0,0,0,0,1,0,0,1,0,0,2190,2190,1,0
1045,287,433,1,2,1,1,1,1,1,1,1,1,1,242,0,0,0,0,1,0,0,0,0,0,1,0,0,0,21,240,0,1
469,1491,2964,2,2,1,103,4,1,1,1,1,1,4,154,0,1,0,0,0,0,0,0,1,0,0,1,0,1,1460,1460,0,1
1388,2837,2837,2,2,1,5,2,0,1,1,1,1,1,300,0,1,0,0,0,0,0,0,0,1,0,0,0,0,360,720,0,1
1605,910,910,1,3,1,1,2,0,1,0,1,1,0,240,1,1,0,0,0,0,0,0,1,0,0,0,0,0,3,1825,0,1
687,1202,1658,1,2,1,90,2,1,1,1,1,1,0,437,0,1,0,0,0,0,0,0,1,0,0,1,0,0,0,1825,0,1
1502,2009,2210,2,2,1,2,5,0,1,1,1,1,0,180,0,1,0,0,0,0,0,0,1,0,1,1,0,0,1095,1825,1,0
639,2092,2092,2,2,1,1,4,0,1,1,1,1,0,178,0,1,0,0,0,1,0,1,0,0,0,0,0,0,2,1825,0,1
1406,1726,2045,1,3,1,197,7,1,1,1,1,1,0,823,0,1,0,0,0,0,0,0,1,0,1,1,1,0,1460,1460,0,1
1218,1949,1949,3,2,1,66,1,1,1,1,0,1,0,174,0,1,0,0,0,0,0,0,0,0,1,0,0,0,0,7,0,1
1158,820,820,1,2,1,1,4,1,1,1,1,1,3,498,0,1,0,0,0,0,0,0,1,0,1,1,1,1,730,730,0,1
1356,1933,1962,1,3,1,88,4,1,1,1,1,1,2,358,0,1,0,0,0,0,0,0,1,0,0,0,0,1,0,182,0,1
1300,925,956,1,2,1,1,2,0,1,0,0,1,4,165,0,1,0,0,0,0,0,0,1,0,0,0,0,0,84,84,0,1
1486,884,945,2,3,1,1,3,0,1,0,1,1,1,38,0,1,0,0,0,0,0,0,1,0,0,0,0,0,112,112,0,1
800,1773,1776,1,2,1,1,2,0,1,0,1,1,0,241,0,1,0,0,0,0,0,0,0,0,0,1,0,1,1825,1825,0,1
160,563,964,1,1,1,7,1,1,0,1,0,1,0,104,0,0,1,0,0,0,0,0,1,0,0,0,0,1,0,210,0,1
956,395,456,1,3,1,1,3,0,1,0,1,1,2,50,0,1,0,0,0,0,0,0,1,0,0,0,0,1,84,180,0,1
1186,1340,1340,1,2,1,11,2,0,1,1,1,1,0,140,0,0,0,0,1,0,0,0,1,0,0,0,0,1,60,1470,0,1
821,1772,2994,1,3,1,1,2,0,1,1,1,1,4,515,0,1,0,0,0,0,0,0,1,0,0,1,0,1,1800,1800,0,1
1379,835,867,3,1,1,22,1,1,0,1,0,1,0,76,0,1,0,0,0,0,0,0,1,0,0,0,0,1,196,196,0,1
877,1580,2568,2,2,1,8,2,0,1,1,1,1,0,192,0,1,0,0,0,0,0,0,1,0,0,0,0,1,0,672,0,1
913,1680,1708,2,3,1,38,2,1,1,1,1,1,4,43,0,1,0,0,0,0,0,0,1,0,0,0,0,0,182,210,1,0
152,1416,2512,1,2,1,163,2,0,1,1,1,1,3,806,0,1,0,0,0,0,0,0,1,0,0,1,0,0,450,730,0,1
1497,1170,1170,1,2,1,65,4,1,1,1,1,1,3,260,0,1,0,0,0,0,0,0,1,1,0,0,0,0,1095,1825,0,1
509,251,251,5,3,0,1,2,0,1,2,0,1,1,979,1,0,0,1,0,1,0,0,0,0,0,0,0,1,0,1825,0,1
1135,1090,1453,2,5,1,116,4,1,1,1,1,1,4,526,0,1,0,0,0,0,0,0,1,0,0,0,0,0,0,1825,0,1
1250,1612,1612,1,4,1,9,2,0,1,1,0,1,0,298,0,1,0,0,0,0,0,0,1,0,0,0,0,0,1825,1825,0,1
1364,1533,1533,1,2,1,1,2,0,1,1,1,1,2,911,0,1,0,0,0,0,0,0,1,0,0,0,0,0,180,1825,0,1
103,2641,2641,1,3,1,208,1,1,1,1,1,1,0,620,0,1,0,0,0,0,0,0,1,0,0,1,0,0,1440,1080,0,1
586,330,334,1,2,1,1,2,1,1,1,1,1,2,153,0,1,0,0,0,0,0,0,1,0,0,0,0,0,168,168,0,1
1445,2953,3106,3,4,1,8,2,1,1,1,1,1,4,656,0,1,0,0,0,0,0,0,1,0,0,0,0,0,672,672,0,1
1143,1784,2651,1,5,1,1,6,1,1,1,1,1,4,882,0,1,0,0,0,0,0,0,1,0,1,1,1,1,1590,1590,0,1
53,725,1583,1,2,1,0,1,1,1,1,1,1,2,562,0,1,0,0,0,0,0,0,1,0,0,1,0,0,210,1095,0,1
151,2772,2772,1,2,1,2,4,0,1,1,0,1,0,76,0,1,0,0,0,0,0,1,1,0,0,0,0,0,42,42,0,1
403,1138,1138,1,1,1,24,2,1,1,1,0,1,0,131,0,1,0,0,0,0,0,0,1,0,0,0,0,1,1095,1095,0,1
1599,657,1508,1,2,1,1,2,0,1,1,1,1,2,80,0,1,0,0,0,0,0,0,1,0,0,1,0,1,0,720,0,1
207,1977,1977,1,2,1,9,1,0,1,0,0,1,0,28,0,1,0,0,0,0,0,0,1,0,0,0,0,0,360,1825,0,1
1543,1713,1713,1,1,2,1,2,0,0,2,0,1,0,98,0,0,1,0,0,1,0,0,1,0,0,0,0,0,0,0,1,0
1122,1090,3013,3,2,1,96,2,1,1,1,1,1,2,564,0,1,0,0,0,0,0,0,1,0,0,1,0,0,1095,1460,0,1
1432,638,638,1,2,1,1,2,0,1,0,1,1,1,50,0,1,0,0,0,1,0,0,0,0,0,0,0,0,0,1,0,1
8,273,304,1,1,1,1,1,0,0,0,1,1,0,10,0,1,0,0,0,0,0,0,1,0,0,0,0,0,180,180,0,1
1014,731,762,2,2,1,2,2,0,1,0,1,1,4,148,1,1,0,0,0,0,0,0,1,0,0,0,0,0,1,2,0,1
1465,2331,2555,1,2,2,1,2,0,1,2,0,0,0,116,0,1,0,0,0,0,0,0,1,0,0,1,0,0,1095,1095,1,0
1060,274,274,1,2,1,1,2,1,1,1,0,1,2,450,0,1,0,0,0,0,0,0,1,0,0,0,0,0,0,1825,0,1
452,983,1000,1,2,1,1,4,1,1,1,0,1,4,512,0,1,0,0,0,0,0,0,1,0,0,1,1,0,0,210,0,1
253,673,673,1,2,1,43,1,1,0,1,1,1,0,71,0,1,0,0,0,0,0,0,1,0,0,0,0,1,0,1825,0,1
1327,1176,2028,1,2,1,42,2,1,1,1,1,1,0,180,0,1,0,0,0,0,1,0,0,0,0,0,0,0,1080,1080,1,0
896,1773,1773,2,3,2,94,2,1,1,1,0,1,4,449,0,1,0,0,0,0,0,0,1,0,0,0,0,1,1460,1,0,1
1420,365,1233,1,3,0,33,1,1,1,1,1,1,0,1447,1,0,0,1,0,0,0,0,0,0,1,0,0,1,0,0,0,1
880,1080,1221,1,2,1,16,3,1,1,1,1,1,0,512,0,1,0,0,0,0,0,0,1,0,0,1,1,1,360,270,0,1
1538,1086,1816,1,1,2,22,1,1,0,1,0,1,0,55,0,1,0,0,0,0,0,0,1,0,0,1,1,1,1020,4745,0,1
623,1834,1834,2,1,1,0,1,1,0,1,1,1,0,660,0,1,0,0,0,0,0,0,1,0,0,0,0,1,0,27,0,1
345,1908,2786,1,2,1,1,5,1,1,1,1,1,0,307,0,1,0,0,0,0,0,0,1,0,1,1,0,1,1770,1770,0,1
1398,213,579,1,2,1,1,2,0,1,0,0,1,0,150,1,0,0,1,0,0,0,1,0,0,0,0,0,0,0,1825,0,1
262,1073,2170,1,1,1,496,4,1,0,1,0,1,0,3246,0,1,0,0,0,0,0,0,1,0,0,0,0,1,990,990,0,1
1321,1306,1306,1,2,1,31,1,1,1,1,0,1,2,230,0,1,0,0,0,0,0,0,1,0,0,0,0,0,84,84,0,1
150,1825,1825,2,2,1,4,2,0,1,0,0,0,0,135,0,1,0,0,0,0,0,0,1,0,0,1,0,0,1800,1800,1,0
472,200,215,1,3,1,23,3,1,1,1,0,1,4,507,0,1,0,0,0,0,0,0,1,0,0,0,0,0,57,1825,0,1
640,243,274,1,2,1,1,2,1,1,1,0,1,3,85,0,1,0,0,0,0,0,0,1,0,0,0,0,1,0,7,0,1
1618,2476,3115,2,2,0,49,4,0,1,1,1,1,0,292,0,0,0,0,1,0,0,0,1,0,0,0,0,0,42,1825,0,1
1535,730,730,1,3,1,1,2,0,1,0,1,1,0,600,1,0,0,1,0,0,0,0,0,0,0,0,0,0,0,1825,0,1
550,1388,1388,1,1,1,112,3,1,0,1,1,1,0,418,0,1,0,0,0,0,0,0,1,0,0,1,0,1,1825,1825,0,1
928,2922,2922,2,2,1,17,4,0,1,1,1,1,0,221,0,0,0,1,0,0,0,0,1,0,0,0,0,0,42,42,0,1
488,481,846,3,1,1,89,1,1,0,1,0,1,0,106,0,1,0,0,0,0,0,0,1,0,0,1,1,1,730,730,0,1
1479,736,736,3,2,1,10,1,1,1,1,1,1,1,200,0,1,0,0,0,0,0,0,0,0,1,0,0,1,0,5,0,1
1171,1520,1520,1,2,2,1,2,0,1,0,1,1,1,106,0,0,0,1,0,1,0,0,0,0,0,0,0,0,1080,1080,0,1
146,153,153,1,1,1,8,1,1,0,1,0,1,0,60,0,1,0,0,0,0,0,0,0,0,1,0,0,0,30,60,0,1
1571,1001,1619,2,2,1,1,2,0,1,0,0,1,0,39,0,1,0,0,0,0,0,0,1,0,0,0,0,1,0,180,0,1
402,106,106,3,2,0,1,2,0,1,0,1,1,0,70,0,0,0,0,0,0,0,0,1,0,0,0,0,0,0,1825,1,0
954,244,244,1,1,1,2,1,1,0,1,0,1,0,21,0,1,0,0,0,0,0,0,1,0,0,0,0,0,0,1825,0,1
1530,2718,2718,1,2,1,1,6,0,1,1,1,1,0,205,0,1,0,0,0,1,0,0,1,0,0,1,0,0,1095,1095,0,1
659,365,395,1,2,1,1,2,0,1,0,1,1,2,50,0,0,0,1,0,0,0,0,1,0,0,0,0,0,0,1825,0,1
1372,1176,2433,1,2,1,0,3,1,1,1,1,1,4,537,0,1,0,0,0,0,0,0,1,0,0,1,1,0,1095,1095,0,1
463,204,204,1,2,1,1,2,0,1,2,0,1,0,36,0,0,0,1,0,0,0,0,1,0,0,0,0,0,42,1825,1,0
1349,1580,2003,1,2,1,1,5,0,1,0,0,1,1,52,0,0,0,0,0,0,0,0,1,0,0,0,0,0,56,0,1,0
186,2100,3891,1,2,1,196,3,1,1,1,1,1,4,216,0,1,0,0,0,0,0,0,1,0,0,1,0,1,150,1080,0,1
1147,1728,2048,1,2,1,26,2,0,1,0,1,1,1,214,0,0,0,1,0,0,0,0,1,0,0,1,0,1,0,750,0,1
1224,554,1320,1,5,0,1,1,1,1,1,0,1,0,1518,1,0,0,1,0,0,0,0,0,0,1,0,0,0,28,28,0,1
608,973,1156,1,2,1,5,1,0,1,1,1,1,0,100,0,0,0,0,0,0,0,0,1,0,0,0,0,0,690,0,0,1
143,522,3038,1,2,1,75,4,1,1,1,1,1,2,418,0,1,0,0,0,0,0,0,1,0,1,1,0,0,510,2820,0,1
751,686,725,1,2,1,1,2,0,1,0,0,1,3,70,0,1,0,0,0,0,0,0,1,0,0,0,0,0,0,1825,0,1
981,303,303,1,1,1,1,1,0,0,0,1,1,0,13,0,1,0,0,0,0,0,0,0,0,0,0,0,1,0,1825,0,1
197,1360,1967,1,2,1,1,2,1,1,1,0,1,3,400,0,1,0,0,0,0,0,0,1,0,0,1,0,0,1080,1080,0,1
883,644,644,1,1,0,33,1,1,0,1,0,1,0,28,0,1,0,0,0,0,0,0,1,0,0,0,0,1,224,28,0,1
279,1319,1760,2,2,1,19,3,0,2,1,0,1,0,100,0,1,0,0,0,0,0,0,1,0,0,1,0,1,84,720,1,0
293,1157,1247,1,2,1,2,3,1,1,1,1,1,2,693,0,1,0,0,0,0,0,0,1,0,0,1,0,0,730,730,0,1
1487,1579,3049,1,2,1,1,2,0,1,2,1,1,0,180,0,1,0,0,0,0,0,0,1,0,0,0,0,0,0,540,0,1
400,623,2467,1,6,1,1,6,1,1,1,1,1,0,305,0,1,0,0,0,0,0,0,1,0,0,1,0,0,0,2190,0,1
122,638,1430,1,2,1,0,4,1,1,1,0,1,4,110,0,1,0,0,0,0,0,0,1,0,0,0,0,0,0,1825,0,1
1207,209,209,3,2,0,1,3,0,1,1,0,1,0,2400,1,0,0,1,0,0,0,1,0,0,0,0,0,0,210,210,0,1
202,1487,2718,1,2,1,158,7,1,1,1,1,1,4,570,0,1,0,0,0,0,0,0,1,0,0,1,0,0,150,2580,0,1
835,664,664,1,2,1,22,1,1,1,1,1,1,2,126,0,1,0,0,0,0,0,0,1,0,0,1,0,1,360,360,0,1
246,1267,1793,2,2,1,71,3,1,1,1,1,1,0,229,0,1,0,0,0,0,0,0,1,0,0,1,0,1,180,180,0,1
1548,2443,2521,5,2,1,1,2,0,1,0,1,1,4,7372,1,0,0,1,0,0,0,0,0,0,1,0,0,1,2190,2190,0,1
1533,936,936,1,1,1,1,1,0,0,1,0,1,0,11,0,1,0,0,0,0,0,0,1,0,0,0,0,0,90,1825,1,0
1153,1824,1824,1,2,1,176,3,1,1,1,1,1,3,579,0,1,0,0,0,0,0,0,1,0,0,1,1,1,930,1380,0,1
384,1311,1735,1,2,1,5,2,0,1,0,1,0,0,131,0,1,0,0,0,1,0,0,1,0,0,1,0,0,730,730,0,1
1612,227,227,1,2,1,1,2,0,1,1,1,1,0,40,0,0,0,0,0,0,0,0,1,0,0,0,0,0,0,1825,1,0
854,1085,1085,2,2,1,263,3,1,1,1,1,1,4,714,0,1,0,0,0,0,0,0,1,0,0,1,0,1,1080,1080,0,1
219,334,334,1,2,1,1,2,1,1,1,0,1,4,26,0,1,0,0,0,0,0,0,1,0,0,0,0,0,0,1825,0,1
641,425,516,1,2,1,1,1,0,1,1,0,1,1,132,0,0,1,0,0,1,0,0,0,0,0,0,0,0,0,1825,0,1
1,701,791,7,2,1,1,8,0,1,1,1,1,0,961,0,1,0,0,0,0,0,0,1,0,0,1,0,0,126,1825,0,1
112,989,1431,2,2,1,2,2,0,1,1,1,1,0,176,0,1,0,0,0,0,0,0,1,1,0,1,0,0,540,720,0,1
698,710,1547,2,3,1,49,2,0,1,1,1,1,2,187,0,1,0,0,0,0,0,0,1,0,0,1,1,1,730,1460,0,1
1558,3585,3585,1,2,1,5,2,0,1,1,1,1,0,282,0,1,0,0,0,0,0,0,0,0,0,0,0,0,1095,3,0,1
951,483,2450,1,2,1,152,6,1,1,1,1,1,0,410,0,1,0,0,0,0,0,0,1,0,0,1,0,0,168,2190,0,1
1431,1492,2223,4,2,2,1,3,0,1,0,1,1,0,550,0,1,0,0,0,0,0,0,1,1,0,1,0,0,0,0,0,1
1410,2293,2894,2,2,1,45,6,0,1,1,1,1,0,171,0,1,0,0,0,0,0,0,1,0,0,1,0,1,896,896,0,1
1409,942,942,3,2,1,1,2,0,1,2,0,1,4,69,0,1,0,0,0,0,0,0,1,0,0,0,0,1,0,0,1,0
1291,746,928,1,2,1,1,2,1,1,1,0,1,0,143,0,0,0,1,0,0,0,0,0,0,1,0,0,0,14,14,0,1
1476,1192,1443,1,2,1,6,2,0,1,1,0,1,2,380,0,1,0,0,0,0,0,0,1,0,0,0,0,0,90,360,0,1
441,1466,1466,4,2,1,28,2,1,1,1,1,1,4,260,0,0,0,1,0,0,0,0,0,0,1,1,0,0,1440,1440,0,1
1136,989,989,1,2,1,1,1,0,1,0,1,1,0,70,0,0,0,1,0,0,0,0,1,0,0,1,0,1,180,180,0,1
1256,304,304,1,2,1,13,3,1,1,1,0,1,2,269,0,1,0,0,0,0,1,0,1,0,0,0,0,0,0,1825,0,1
1397,2191,3197,2,2,1,9,2,0,2,1,0,1,1,168,0,1,0,0,0,0,0,0,0,1,0,0,0,0,120,730,0,1
663,1702,1702,1,2,1,43,1,1,1,1,1,0,0,124,0,1,0,0,0,0,0,0,1,0,0,0,0,1,1652,1825,0,1
1496,424,424,1,2,1,1,2,0,1,0,0,1,0,160,0,1,0,0,0,1,0,0,0,0,0,0,0,0,0,14,0,1
1257,1277,1277,2,2,1,0,2,1,1,1,1,1,3,399,0,1,0,0,0,0,0,0,1,0,0,0,0,0,0,1825,0,1
1450,1135,1135,1,1,1,7,1,1,0,1,0,1,0,101,0,1,0,0,0,0,0,0,1,0,0,1,1,1,1095,1095,0,1
317,1154,1519,3,2,2,1,3,0,1,0,1,1,0,153,0,1,0,0,0,0,0,0,1,0,0,1,0,0,0,0,1,0
648,1423,1423,1,2,1,108,4,1,1,1,1,1,0,454,0,1,0,0,0,0,0,0,1,0,0,1,1,1,360,360,0,1
1434,1023,1023,1,2,1,72,2,1,1,1,1,1,4,540,0,1,0,0,0,0,0,0,1,0,0,1,1,0,1290,1290,0,1
709,962,993,2,1,1,56,1,1,0,1,0,1,0,638,0,1,0,0,0,0,0,0,1,0,0,0,0,1,399,1825,0,1
1382,2402,2643,1,2,1,7,2,1,1,1,1,1,4,793,0,0,0,1,0,0,0,0,1,0,0,0,0,0,1825,1825,0,1
1282,899,2222,2,2,1,1,2,1,1,1,1,1,0,592,0,1,0,0,0,0,0,0,1,0,1,1,1,1,900,2130,0,1
972,2074,2542,1,1,1,1,3,0,0,2,1,1,0,122,0,0,1,0,0,1,0,0,1,0,0,0,0,0,0,1825,1,0
627,1069,2202,1,2,1,80,2,1,1,1,0,1,0,122,0,1,0,0,0,0,0,0,1,0,0,1,1,1,1800,1800,0,1
632,800,1797,2,2,1,101,2,1,1,1,1,1,0,483,0,1,0,0,0,0,0,0,1,0,0,1,0,0,1800,1800,0,1
1306,2085,2085,2,2,0,96,2,1,1,1,1,1,0,512,0,0,0,1,0,0,0,0,1,0,0,0,0,0,40,59,0,1
1400,1678,2178,1,2,1,133,6,1,1,1,1,1,0,947,0,1,0,0,0,0,0,0,1,0,1,1,0,0,1650,1950,0,1
1408,1357,3288,1,2,1,0,5,1,1,1,1,1,3,1209,0,1,0,0,0,0,0,0,1,0,0,1,0,0,1980,1980,0,1
1248,843,2297,3,2,1,255,2,0,1,1,1,1,2,87,0,0,0,0,1,0,0,0,1,0,0,0,0,1,42,720,0,1
1592,365,365,1,4,1,1,2,0,1,1,1,1,0,120,0,1,0,0,0,0,1,0,1,0,0,1,0,0,90,1095,1,0
1254,1755,1778,10,1,1,1,4,0,0,1,0,1,0,744,0,0,1,0,0,0,1,0,1,0,0,0,0,0,0,8,0,1
1371,878,2773,1,2,1,174,3,1,1,1,1,1,4,726,0,1,0,0,0,0,0,0,1,0,0,1,1,0,780,1380,0,1
1354,1248,1248,1,2,1,1,1,0,1,0,1,0,0,200,1,1,0,0,0,0,0,0,1,0,0,0,0,0,0,1825,1,0
1568,835,835,1,2,1,77,2,1,1,1,1,1,4,174,0,1,0,0,0,0,0,0,1,0,0,0,0,1,0,133,0,1
1507,703,1289,2,2,1,95,2,1,1,1,1,1,3,460,0,1,0,0,0,0,0,0,1,0,0,1,0,0,1080,720,0,1
795,1552,1918,4,2,1,7,2,0,1,1,1,1,0,120,0,0,0,1,0,0,1,0,0,0,0,0,0,1,0,0,0,1
645,1247,1485,1,2,1,60,2,1,1,1,0,1,0,101,0,1,0,0,0,0,0,0,1,0,0,0,0,1,21,270,0,1
1012,609,609,1,2,1,1,2,0,1,1,1,1,2,99,0,1,0,0,0,0,0,0,1,0,0,0,0,0,98,1825,0,1
556,770,1771,3,2,1,0,2,1,1,1,1,1,0,156,0,1,0,0,0,0,0,0,1,0,0,0,0,0,0,1825,0,1
681,435,3289,1,2,1,247,4,1,1,1,1,1,3,521,0,1,0,0,0,0,0,0,1,0,0,1,1,1,360,1825,0,1
577,470,555,1,2,2,0,2,1,1,1,1,1,4,484,0,1,0,0,0,0,0,0,1,0,0,0,0,0,0,1825,0,1
1109,1524,2507,6,2,1,309,5,1,1,1,1,1,4,1718,0,0,0,0,1,0,0,0,1,0,0,1,0,0,90,90,0,1
1266,487,518,1,2,1,1,1,0,1,0,0,1,0,57,0,0,0,0,1,0,0,1,0,0,0,0,0,0,0,1825,0,1
1183,898,898,1,2,1,34,2,1,1,1,0,1,2,404,0,1,0,0,0,0,0,0,1,0,0,0,0,0,0,1825,0,1
524,476,476,1,2,1,1,2,1,1,1,1,1,4,132,0,1,0,0,0,0,0,0,1,0,0,0,0,0,0,1825,0,1
1059,2253,2783,1,3,1,224,5,1,1,1,1,1,2,1213,0,1,0,0,0,0,0,0,1,0,0,1,1,1,2190,2700,0,1
540,1366,1386,1,2,1,2,2,1,1,1,1,1,0,668,0,1,0,0,0,0,0,0,1,0,0,1,0,1,1095,1095,1,0
1194,2081,2081,1,2,1,1,2,0,1,1,1,1,2,210,0,1,0,0,0,0,0,0,1,0,0,0,0,0,180,42,0,1
748,544,1098,1,2,1,1,5,1,1,1,1,1,2,357,0,1,0,0,0,0,0,0,1,0,0,1,1,0,540,540,0,1
1510,1312,1997,1,2,1,119,7,1,2,1,1,1,0,427,0,1,0,0,0,0,0,0,1,0,0,1,1,1,180,2670,0,1
1430,715,715,1,1,1,29,1,1,0,1,0,1,0,40,0,1,0,0,0,0,0,0,1,0,0,1,1,0,210,210,0,1
484,669,1096,3,2,1,2,2,0,1,2,1,1,0,696,0,1,0,0,0,1,0,0,1,0,0,0,0,0,240,1825,0,1
95,762,3226,1,2,1,127,2,1,1,1,1,1,0,272,0,1,0,0,0,0,0,0,1,0,1,1,0,0,750,3090,0,1
1020,155,1282,1,1,1,40,1,1,0,1,0,1,0,158,0,1,0,0,0,0,0,0,1,0,0,0,0,0,28,28,0,1
563,1439,1439,1,2,1,1,7,0,1,1,1,1,1,52,0,0,0,0,1,1,0,1,1,0,0,0,0,0,1,2,0,1
1264,1028,1028,8,2,1,1,1,0,1,1,0,1,2,48,0,0,0,1,0,0,1,0,0,0,0,0,0,0,90,90,1,0
742,550,580,1,2,1,1,2,0,1,0,1,1,3,206,0,0,0,1,0,0,0,0,1,0,0,0,0,0,0,0,0,1
863,960,979,1,3,1,116,2,1,1,1,1,1,2,368,0,1,0,0,0,0,0,0,1,0,0,0,0,0,0,1825,0,1
891,1504,1504,1,1,1,100,1,0,0,1,0,1,0,907,0,1,0,0,0,0,0,0,1,0,0,0,0,1,84,84,0,1
1038,792,883,1,2,1,1,2,0,1,0,0,1,0,147,0,1,0,0,0,0,0,0,1,0,0,0,0,0,300,1825,1,0
206,1035,2308,1,0,1,34,1,0,0,1,0,1,0,109,0,1,0,0,0,0,0,0,1,0,0,1,0,1,720,1095,0,1
392,761,761,1,2,1,1,2,0,1,0,0,1,0,160,0,1,0,0,0,1,0,0,1,0,0,0,0,0,0,14,1,0
794,243,457,3,2,1,177,4,0,1,1,1,1,2,401,0,0,0,0,1,0,0,0,1,0,0,0,0,0,5,6,0,1
870,1337,1826,1,2,1,16,3,1,1,1,1,1,4,268,0,1,0,0,0,0,0,0,1,0,0,1,0,0,720,720,0,1
397,638,669,3,2,1,1,2,1,1,1,1,1,2,216,0,1,0,0,0,0,0,0,1,0,0,0,0,0,180,180,0,1
766,1461,3105,3,2,1,2,6,0,1,1,1,1,0,592,0,1,0,0,0,1,0,0,1,0,1,1,1,0,0,1825,0,1
1551,3287,3287,4,2,1,1,1,0,1,0,1,1,0,320,0,1,0,0,0,0,0,0,1,0,0,1,0,1,1095,1095,0,1
1241,1522,1522,2,2,1,2,1,0,1,0,0,1,3,220,0,0,0,1,0,0,0,0,1,0,0,0,0,0,28,28,0,1
1028,975,1006,1,2,1,1,2,1,1,1,1,1,4,355,0,0,0,1,0,0,0,0,1,0,0,0,0,0,49,49,0,1
642,1369,1583,1,2,1,1,2,0,1,0,1,1,0,219,0,1,0,0,0,0,0,0,1,0,0,0,0,0,0,1825,0,1
1540,548,578,1,2,2,1,2,0,1,0,0,1,4,118,0,0,0,1,0,0,0,0,0,0,0,0,0,0,360,1825,1,0
612,883,883,1,2,1,12,2,1,1,1,0,1,0,238,0,1,0,0,0,0,0,0,1,0,0,1,0,1,120,720,0,1
960,1113,1113,2,1,1,2,1,0,0,1,0,1,0,100,0,0,1,0,0,0,0,0,0,0,0,0,0,0,240,60,0,1
725,371,371,1,1,1,1,1,0,0,0,1,1,0,385,0,0,1,0,0,0,0,0,1,0,0,0,0,0,0,0,1,0
683,883,952,5,2,1,146,5,1,1,1,0,1,2,809,0,1,0,0,0,0,0,0,1,0,1,0,0,0,49,1825,0,1
98,2251,2495,1,3,1,1,3,0,1,0,0,1,0,749,0,1,0,0,0,0,0,0,1,0,0,1,0,1,0,21,1,0
804,663,663,1,2,1,1,2,0,1,0,0,1,4,4,0,1,0,0,0,0,0,0,1,0,0,0,0,0,28,28,0,1
406,3469,3469,8,2,1,326,6,0,1,1,1,1,0,926,0,1,0,0,0,0,0,0,1,1,0,1,0,1,1825,1825,0,1
502,942,3787,1,2,1,97,3,1,1,1,1,1,0,231,0,1,0,0,0,0,0,0,1,0,0,1,1,0,720,63,0,1
1071,1159,1328,1,3,2,1,3,0,1,1,1,1,3,52,0,1,0,0,0,0,0,0,1,0,0,0,0,0,0,1825,0,1
1056,518,640,2,2,1,53,2,1,1,1,1,1,4,308,0,0,0,0,1,0,0,0,1,0,0,0,0,1,21,133,0,1
929,2180,2180,1,1,0,3,2,0,0,1,1,1,0,6,0,0,1,0,0,1,0,0,1,0,0,0,0,0,0,1825,1,0
779,1268,1268,1,1,0,11,1,1,0,1,0,1,0,69,0,1,0,0,0,0,0,0,0,0,1,1,1,1,360,360,0,1
200,2101,2162,1,2,1,1,2,0,1,0,1,1,0,63,0,1,0,0,0,0,0,0,1,0,0,0,0,0,56,56,1,0
134,995,2446,1,2,1,268,3,1,1,1,1,1,4,1147,0,1,0,0,0,0,0,0,1,0,0,1,0,1,1460,1825,0,1
1051,477,501,2,2,1,1,2,0,1,0,1,1,4,33,0,1,0,0,0,0,0,0,1,0,0,0,0,0,180,90,0,1
40,1217,1217,1,2,1,32,2,0,1,1,1,1,0,81,0,1,0,0,0,0,0,0,1,0,0,1,0,1,720,720,0,1
1017,861,1018,1,2,2,21,3,0,1,1,1,1,2,151,0,1,0,0,0,0,0,0,1,0,0,1,1,0,730,730,1,0
230,1559,1559,1,3,1,42,1,0,0,1,1,0,0,273,0,1,0,0,0,0,0,0,1,0,0,1,0,0,1825,1825,0,1
378,1583,1583,1,1,1,1,1,1,0,1,0,1,0,508,0,1,0,0,0,0,0,0,0,0,1,0,0,0,0,1825,0,1
288,796,1056,2,2,1,9,2,0,1,1,0,1,3,166,0,1,0,0,0,0,1,0,0,0,0,0,0,0,270,270,0,1
418,1064,2104,1,2,1,132,4,1,1,1,1,1,0,723,0,1,0,0,0,0,0,0,1,0,0,1,1,1,1050,2070,0,1
391,939,3205,1,2,1,168,2,1,1,1,1,1,0,821,0,1,0,0,0,0,0,0,1,0,1,1,0,1,900,3180,0,1
592,1188,1188,1,2,1,199,2,1,1,1,1,1,0,564,0,1,0,0,0,0,0,0,1,0,0,1,0,0,0,0,0,1
1162,2802,2802,1,2,1,9,2,0,1,1,1,1,0,110,0,1,0,0,0,1,0,0,1,0,0,0,0,0,180,360,0,1
1086,1125,1125,1,2,1,1,1,0,1,0,1,1,0,250,0,1,0,0,0,0,0,0,1,0,0,0,0,0,30,0,0,1
1495,92,153,2,2,1,1,2,0,1,1,0,1,1,190,1,0,1,0,0,0,1,0,0,0,0,0,0,0,1,0,0,1
647,1034,1034,1,2,1,113,3,1,1,1,1,1,4,416,0,1,0,0,0,0,0,0,1,0,0,1,1,0,300,300,1,0
1152,416,419,1,2,1,0,2,1,1,1,0,1,4,65,0,1,0,0,0,0,0,0,1,0,0,0,0,1,28,28,0,1
1367,441,441,1,2,1,88,2,1,1,1,1,1,2,425,0,1,0,0,0,0,0,0,1,0,0,0,0,1,14,14,0,1
520,669,669,1,4,1,1,4,0,1,0,0,1,3,357,1,0,0,1,0,0,0,1,0,0,0,0,0,0,0,1825,1,0
64,393,393,3,3,1,1,4,0,1,1,1,1,0,109,0,0,0,0,0,0,0,0,0,0,0,0,0,0,180,90,0,1
14,714,714,1,2,1,8,3,1,1,1,1,1,2,530,0,1,0,0,0,0,0,0,1,0,0,1,0,1,1080,1080,0,1
1180,1856,1856,3,2,2,1,1,0,1,1,1,1,0,62,0,1,0,0,0,0,0,0,1,0,0,0,0,0,0,1825,0,1
1064,744,956,1,2,1,1,1,0,1,1,0,1,0,100,0,1,0,0,0,0,0,0,1,0,0,0,0,0,0,1825,0,1
492,1735,1735,1,2,1,142,2,1,1,1,1,1,0,459,0,1,0,0,0,0,0,0,1,0,1,0,0,0,1590,1825,0,1
379,756,756,1,4,0,1,2,1,1,1,0,1,3,250,1,0,0,1,0,0,0,0,0,0,1,0,0,0,570,0,0,1
187,2422,2422,1,2,1,0,2,1,1,1,0,1,0,823,0,1,0,0,0,0,0,0,1,0,0,1,1,1,1800,1800,0,1
763,1826,1826,1,2,1,1,3,0,2,0,1,1,3,668,0,1,0,0,0,0,0,0,0,0,0,1,0,0,0,0,0,1
216,2831,2837,1,2,1,41,5,0,1,1,1,1,0,278,0,1,0,0,0,1,0,0,1,0,0,0,0,1,1825,1825,0,1
791,731,731,4,2,1,1,1,0,1,0,1,1,0,281,0,0,0,0,1,0,0,0,0,0,0,0,0,0,84,1825,0,1
1076,823,1430,1,3,1,0,3,1,1,1,1,1,0,417,0,1,0,0,0,0,0,0,1,0,0,1,0,0,750,750,0,1
878,701,701,4,2,1,1,2,0,2,0,1,1,2,50,0,1,0,0,0,0,0,0,1,0,0,0,0,0,84,1825,0,1
337,1731,2399,1,2,1,154,3,1,1,1,1,1,0,915,0,1,0,0,0,0,0,0,1,0,0,1,1,0,1710,1710,0,1
719,715,725,2,2,1,1,3,0,1,0,0,1,1,66,0,0,0,1,0,0,0,0,1,0,0,0,0,1,84,84,1,0
295,1113,1113,1,2,1,43,2,1,1,1,1,1,0,309,0,1,0,0,0,0,0,0,1,0,0,1,0,0,0,1825,0,1
1016,141,148,3,2,1,3,2,1,2,1,0,1,0,46,0,0,0,0,0,0,0,0,1,0,0,0,0,1,0,7,0,1
1275,3264,3264,5,2,1,17,1,0,1,1,1,1,0,136,0,0,0,1,0,0,0,0,1,0,0,1,0,1,2190,2190,0,1
1485,2283,2283,1,2,1,1,2,0,1,0,0,1,3,290,0,1,0,0,0,0,0,0,1,0,0,1,0,1,1095,270,0,1
455,2128,2209,1,3,1,220,5,1,1,1,1,1,4,1297,0,1,0,0,0,0,0,0,1,0,1,1,0,0,2190,1825,0,1
1630,184,184,1,3,1,31,2,1,1,1,0,1,2,476,0,1,0,0,0,0,0,0,1,0,0,0,0,0,90,1825,0,1
815,1812,1817,1,3,1,1,2,0,1,0,1,1,2,90,1,0,0,1,0,0,0,0,1,0,0,0,0,0,0,1,0,1
269,487,549,1,2,1,1,2,0,1,0,0,1,1,200,0,1,0,0,0,1,0,0,0,0,0,0,0,0,60,60,0,1
995,396,396,1,2,1,1,2,1,1,1,1,1,2,128,0,0,0,1,0,0,0,0,1,0,0,0,0,1,42,42,0,1
201,731,882,1,2,1,1,2,0,1,0,1,1,0,60,0,1,0,0,0,0,0,0,1,0,0,0,0,0,56,56,1,0
161,1580,2553,1,3,1,167,3,1,1,1,1,1,0,1168,0,1,0,0,0,0,0,0,1,0,0,1,0,0,1530,1530,0,1
729,3499,3499,1,2,1,4,2,0,1,1,1,1,4,436,0,1,0,0,0,0,0,0,1,0,0,0,0,0,1825,1825,0,1
401,61,212,1,2,1,1,1,0,1,0,1,1,0,60,0,1,0,0,0,1,0,0,0,0,0,0,0,0,30,1825,1,0
702,1461,1461,1,2,1,0,3,1,1,1,1,1,4,494,0,1,0,0,0,0,0,0,1,0,0,1,0,0,540,540,0,1
1500,1056,1061,1,2,1,1,2,0,1,0,1,1,2,240,1,1,0,0,0,0,0,0,1,0,0,1,0,0,0,1825,0,1
1129,1187,1187,1,2,1,1,2,1,1,1,0,1,4,300,0,0,0,0,1,0,0,0,0,0,0,0,0,0,30,30,0,1
565,245,275,1,3,1,7,3,1,1,1,0,1,4,458,0,1,0,0,0,0,0,0,1,0,0,0,0,1,42,42,0,1
1413,1484,1484,1,2,1,20,2,1,2,1,1,1,0,132,0,1,0,0,0,0,0,0,1,0,0,1,0,0,1800,1800,1,0
1021,1095,1217,1,1,1,1,1,0,0,0,1,1,0,30,0,0,0,0,1,0,0,0,1,0,0,0,0,1,120,1080,0,1
1025,977,2438,1,1,1,34,1,1,0,1,1,1,0,157,0,1,0,0,0,0,0,0,0,0,1,1,0,1,360,1800,0,1
1411,1034,1517,3,2,1,220,3,0,1,1,1,1,0,518,0,0,0,0,1,0,0,0,1,1,0,1,0,1,180,360,0,1
1104,1036,1036,1,1,1,3,1,1,0,1,0,1,0,10,0,1,0,0,0,0,1,0,0,0,0,0,0,1,56,168,0,1
205,1096,1460,1,2,1,1,2,0,1,0,0,1,2,244,0,1,0,0,0,0,0,0,1,0,0,0,0,1,180,180,0,1
34,1249,1455,1,2,1,86,3,1,1,1,1,1,2,430,0,1,0,0,0,0,0,0,1,0,0,1,0,1,2610,2610,0,1
775,1431,1431,1,2,1,94,2,1,1,1,1,1,0,490,0,1,0,0,0,0,0,0,1,0,0,0,1,0,0,1825,0,1
508,1011,1150,1,2,1,74,2,1,1,1,1,1,0,528,0,1,0,0,0,0,0,0,1,0,0,1,0,0,1140,1140,0,1
1451,872,1593,1,2,1,54,4,1,2,1,1,0,0,240,0,1,0,0,0,0,0,0,1,0,0,1,0,1,28,1825,0,1
1478,1192,1982,1,2,1,225,5,1,1,1,1,1,4,1351,0,1,0,0,0,0,0,0,1,0,1,1,0,0,1140,1140,0,1
1608,1286,1651,3,2,1,27,2,1,1,1,0,1,0,41,0,1,0,0,0,0,0,0,0,0,0,1,0,1,450,1440,0,1
1390,537,617,1,2,1,1,2,1,1,1,0,1,0,188,0,1,0,0,0,0,0,0,1,0,0,0,0,1,0,1825,0,1
91,730,730,2,2,1,2,2,0,1,0,1,1,1,121,0,0,1,0,0,0,1,0,0,0,0,0,0,0,180,180,0,1
1363,700,700,1,1,1,209,1,1,0,1,1,1,0,891,0,1,0,0,0,0,0,0,1,0,0,0,0,1,364,364,0,1
897,928,928,1,2,1,99,2,1,1,1,0,1,3,413,0,1,0,0,0,0,0,0,0,0,1,0,0,0,0,392,0,1
564,663,663,1,1,1,1,1,1,0,1,0,1,0,201,0,1,0,0,0,0,0,0,0,0,1,0,0,0,2,1825,0,1
1369,437,468,1,2,1,1,2,0,1,1,1,1,0,214,0,1,0,0,0,0,1,0,1,0,0,0,0,1,1,7,0,1
776,1043,1408,1,2,1,1,3,0,1,1,1,1,2,25,0,0,0,0,1,0,0,0,1,0,0,0,0,0,2,2,1,0
241,3044,3044,3,5,0,1,1,0,0,1,0,0,0,92,1,0,0,0,0,0,0,0,1,0,0,0,0,0,120,120,1,0
13,516,608,1,3,1,103,3,1,1,1,1,1,4,527,0,1,0,0,0,0,0,0,1,0,0,0,0,0,0,5,0,1
315,796,1394,1,2,1,139,2,1,1,1,1,1,4,507,0,1,0,0,0,0,0,0,1,0,0,1,0,1,1380,1380,0,1
600,574,574,1,1,1,4,1,1,0,1,0,1,0,409,0,0,1,0,0,0,0,0,1,0,0,0,0,1,300,300,0,1
387,519,549,1,2,1,1,3,0,1,0,0,1,3,50,0,1,0,0,0,0,0,0,1,0,0,0,0,0,180,1825,1,0
1297,386,386,1,2,1,1,4,0,1,0,1,1,4,78,0,1,0,0,0,1,0,0,1,0,0,0,0,0,49,49,1,0
166,1069,1069,1,2,1,26,2,0,1,1,1,1,0,211,0,1,0,0,0,0,0,0,1,0,0,0,0,0,360,1825,0,1
840,692,692,1,2,2,1,2,0,1,2,0,1,0,384,0,1,0,0,0,0,1,0,0,0,0,0,0,0,28,1825,0,1
20,652,1592,1,2,1,15,4,1,1,1,1,1,2,243,0,1,0,0,0,0,0,0,1,0,0,1,0,1,1095,1460,0,1
646,1886,1886,2,2,1,278,2,0,1,1,1,1,4,276,0,1,0,0,0,0,0,0,1,0,0,0,0,0,0,1825,0,1
1508,731,731,4,2,2,1,1,0,1,0,1,0,0,70,1,1,0,0,0,1,0,0,0,0,0,0,0,0,28,28,0,1
1154,1003,1034,1,2,1,2,1,0,2,0,0,1,1,65,0,1,0,0,0,0,0,0,1,0,0,0,0,0,60,60,0,1
1528,1486,2191,1,1,1,34,2,1,0,1,1,1,0,80,0,1,0,0,0,0,0,0,1,0,0,0,0,1,2190,2190,0,1
831,1700,2053,2,1,1,1,3,0,0,2,1,1,0,74,0,0,1,0,0,1,0,0,1,0,0,0,0,0,0,0,1,0
1267,938,938,1,2,1,133,3,1,1,1,1,1,4,511,0,1,0,0,0,0,0,0,1,0,0,1,0,0,900,900,0,1
562,2214,2450,1,2,1,37,2,0,2,1,0,1,0,141,0,1,0,0,0,0,0,0,1,0,0,0,0,1,360,672,0,1
1591,823,1826,8,3,1,1084,3,0,1,1,0,0,0,43,0,1,0,0,0,0,0,0,1,0,0,1,1,1,730,730,1,0
686,1902,2130,1,2,1,118,2,1,1,1,1,1,0,482,0,1,0,0,0,0,0,0,1,0,0,1,0,0,1290,1290,0,1
957,251,251,1,1,1,7,2,1,0,1,0,1,0,158,0,0,1,0,0,0,1,0,1,0,0,0,0,0,0,0,0,1
189,1640,1640,1,3,2,104,4,1,1,1,1,1,4,366,0,1,0,0,0,0,0,0,1,0,0,0,0,0,0,1095,0,1
975,1367,1621,1,2,1,50,2,1,1,1,1,1,4,457,0,1,0,0,0,0,0,0,1,0,0,1,1,1,1530,1530,0,1
699,1123,3151,1,6,1,203,6,1,1,1,1,1,0,597,0,1,0,0,0,0,0,0,1,0,0,1,1,0,1095,1095,0,1
1499,1148,3061,1,4,1,111,3,1,1,1,1,1,0,389,0,1,0,0,0,0,0,0,1,0,0,1,1,1,2920,2920,0,1
510,2922,3469,1,2,1,1,2,0,1,0,0,1,0,169,0,1,0,0,0,0,0,0,1,0,0,1,0,1,0,1095,1,0
1082,972,2365,1,2,1,135,5,1,1,1,1,1,4,550,0,1,0,0,0,0,0,0,1,0,0,1,1,0,960,960,0,1
474,668,668,1,4,1,55,4,1,1,1,1,1,0,74,0,1,0,0,0,0,0,0,1,1,1,0,0,0,100,1825,0,1
1584,1717,1717,4,2,1,1,1,0,1,0,0,1,0,63,0,0,0,0,1,0,0,0,0,0,0,0,0,0,540,540,1,0
856,1159,1795,2,2,1,15,3,1,1,1,1,0,0,120,0,1,0,0,0,0,0,0,1,0,0,1,1,0,787,787,0,1
747,716,1445,1,2,1,2,2,1,1,1,0,1,4,517,0,1,0,0,0,0,0,0,1,0,0,1,1,0,720,900,0,1
252,335,547,1,2,1,1,3,1,1,1,0,1,3,87,0,1,0,0,0,1,0,0,1,0,0,0,0,0,84,84,0,1
21,874,1127,1,2,1,230,5,1,1,1,1,1,0,529,0,1,0,0,0,0,0,0,1,0,0,1,1,1,270,270,0,1
1337,605,757,1,2,1,19,1,1,1,1,1,1,4,108,0,1,0,0,0,0,0,0,1,0,0,0,0,1,0,1825,0,1
459,456,1216,1,2,1,2,3,0,1,0,0,1,1,120,0,1,0,0,0,1,1,0,0,0,0,0,0,0,0,90,0,1
1184,1806,1844,1,2,1,14,1,0,1,1,1,1,0,108,0,1,0,0,0,0,0,0,0,0,1,1,0,0,1825,1825,0,1
276,591,591,1,2,1,2,2,0,1,0,1,1,0,442,0,1,0,0,0,0,0,0,1,0,0,0,0,0,0,1825,0,1
955,1128,1128,11,3,1,140,3,1,1,1,1,1,0,191,0,1,0,0,0,0,0,0,1,0,0,1,0,1,1050,1050,1,0
1215,1274,1673,1,2,1,1,2,1,1,1,1,1,0,459,0,1,0,0,0,0,0,0,1,0,0,1,1,0,150,900,0,1
385,476,540,1,2,1,16,4,0,1,1,0,1,2,52,0,1,0,0,0,0,0,0,1,0,0,1,1,1,1350,1350,1,0
805,880,966,3,2,1,1,2,0,1,0,1,1,4,88,0,1,0,0,0,0,0,0,1,0,0,0,0,0,224,224,0,1
1437,456,513,2,2,1,183,4,1,1,1,1,1,2,683,0,1,0,0,0,0,0,0,1,0,0,0,0,0,0,56,0,1
1515,731,1066,2,1,1,24,1,1,0,1,1,1,0,71,0,1,0,0,0,0,0,0,1,0,0,0,0,0,77,360,0,1
343,1093,1102,1,2,1,63,3,0,1,1,1,1,3,282,0,1,0,0,0,0,0,0,1,0,0,1,0,1,0,1080,0,1
769,610,975,3,3,1,1,3,0,1,0,1,1,4,90,0,1,0,0,0,0,0,0,1,0,0,0,0,0,0,0,1,0
1332,1606,2001,2,2,1,1,6,0,1,0,1,1,0,270,0,0,0,1,0,0,0,0,1,0,0,0,0,0,1080,1080,1,0
130,663,2715,1,2,1,1,8,1,1,1,1,1,4,616,0,1,0,0,0,0,0,0,1,0,1,1,1,1,630,630,0,1
871,2072,2072,2,2,1,1,2,0,1,0,0,1,2,28,0,1,0,0,0,0,0,0,0,0,0,0,0,0,28,1825,0,1
1123,381,1880,1,3,1,57,5,1,1,1,0,1,4,387,0,1,0,0,0,0,0,0,0,0,1,1,0,1,360,1825,0,1
1396,107,113,2,3,1,1,3,0,2,0,1,1,4,90,0,1,0,0,0,0,0,0,1,0,0,0,0,0,1,1825,1,0
87,519,519,1,2,1,1,2,0,1,1,1,1,0,98,0,0,0,1,0,0,0,0,1,0,0,1,0,0,730,0,0,1
1482,350,1585,1,1,0,1,1,0,0,1,1,1,0,10,0,1,0,0,0,0,0,0,1,0,0,0,0,0,90,90,0,1
330,1460,1460,1,2,1,46,2,0,1,1,0,1,0,300,0,1,0,0,0,0,0,0,1,0,0,1,0,1,1800,1800,0,1
1238,549,641,1,2,1,1,1,0,1,1,1,1,4,78,0,1,0,0,0,0,0,0,1,0,0,0,0,0,180,180,0,1
466,917,2771,1,1,1,50,1,0,0,1,1,1,0,868,0,1,0,0,0,0,0,0,0,0,0,0,0,0,1095,1095,0,1
121,202,202,1,3,1,17,3,1,1,1,0,1,3,422,1,1,0,0,0,0,0,0,1,0,0,0,0,0,0,1825,0,1
1044,2980,3683,1,2,1,235,7,1,1,1,1,1,0,748,0,1,0,0,0,0,0,0,1,0,1,1,0,0,2920,2920,0,1
1095,1212,2341,1,2,1,109,5,1,1,1,1,1,0,605,0,1,0,0,0,0,0,0,1,0,1,1,0,0,1200,2280,0,1
1130,1672,2222,5,2,1,529,2,0,1,1,1,1,2,227,0,0,0,0,1,0,0,0,1,0,0,0,0,1,180,180,0,1
1294,974,2042,1,3,1,22,3,1,1,1,1,1,2,365,0,1,0,0,0,0,0,0,1,0,0,1,1,0,1095,2190,0,1
860,1418,3602,1,2,1,0,4,1,1,1,1,1,4,806,0,1,0,0,0,0,0,0,1,0,0,1,0,1,1410,2010,0,1
1459,519,1430,1,2,1,0,2,1,1,1,1,1,0,602,0,1,0,0,0,0,0,0,1,0,0,1,0,0,730,1460,0,1
1126,2931,2931,1,3,1,38,2,0,2,1,0,1,0,721,0,1,0,0,0,1,0,0,1,0,0,1,0,0,0,1825,0,1
