study_duration_days,study_eq_bins,study_eq_labels,num_oms,number_of_intervention_types,num_locations,number_of_conditions,allocation,masking,enroll_count,biological_intervention,procedure_intervention,drug_intervention,radiation_intervention,treatment_purpose,prevention_purpose,us_led,us_included,nci_sponsor,spacy_aes_outcome,spacy_osr_outcome,spacy_mtd_outcome,spacy_dor_outcome,spacy_dlt_outcome,spacy_cmax_outcome,spacy_aes_lead_outcome,spacy_dlt_lead_outcome,spacy_mtd_lead_outcome,spacy_tmax_outcome
901.0,Low,0,3,1,1,1,0,0,13.0,0,0,0,0,1,0,0,0,0,1,0,0,0,0,0,1,0,0,-1
912.0,Low,0,4,1,1,2,0,0,18.0,0,0,0,0,1,0,0,0,0,0,1,0,0,1,0,0,1,0,-1
1065.0,Low,0,5,1,3,2,-1,0,37.0,0,0,0,0,0,0,0,0,0,0,0,0,0,0,1,0,0,0,1
1916.0,High,1,4,1,2,2,-1,0,60.0,0,0,0,0,1,0,0,0,0,0,1,1,0,1,1,0,1,1,1
730.0,Low,0,1,1,3,2,0,0,43.0,0,0,0,0,1,0,0,0,0,0,0,0,0,0,0,0,0,0,-1
1624.0,Low,0,2,1,1,3,-1,0,12.0,0,0,0,0,1,0,1,1,0,0,1,1,0,1,0,0,1,1,-1
2480.0,High,1,13,1,7,2,0,0,72.0,0,0,0,0,1,0,1,1,1,1,1,1,0,1,1,1,1,1,1
1461.0,Low,0,6,1,5,1,-1,0,21.0,0,0,0,0,1,0,0,0,0,0,1,1,0,1,1,0,1,1,1
1400.0,Low,0,5,1,3,2,-1,0,51.0,0,0,0,0,1,0,1,1,0,0,1,0,0,0,0,0,0,0,-1
2106.0,High,1,5,1,0,3,-1,0,120.0,0,0,0,0,1,0,1,1,0,1,0,1,0,1,0,1,0,0,-1
700.0,Low,0,3,1,6,1,-1,0,22.0,0,0,0,0,1,0,1,1,0,0,0,0,0,0,0,0,0,0,-1
275.0,Low,0,9,2,3,2,-1,0,15.0,0,0,0,0,0,0,1,1,0,0,0,1,0,1,1,0,1,1,1
335.0,Low,0,9,2,3,2,-1,0,14.0,0,0,0,0,0,0,1,1,0,0,1,1,0,1,1,0,1,1,1
1186.0,Low,0,3,1,1,2,0,0,40.0,0,0,0,0,0,0,1,1,0,0,1,1,0,1,1,0,1,1,0
272.0,Low,0,8,1,0,1,0,0,12.0,0,0,0,0,1,0,0,0,0,1,0,0,0,0,1,1,0,0,1
1320.0,Low,0,11,2,9,2,0,0,92.0,0,0,0,0,1,0,0,1,0,0,0,0,0,0,1,0,0,0,1
1770.0,Low,0,8,1,2,2,0,0,99.0,0,0,0,0,1,0,1,1,0,1,1,1,0,1,1,1,0,0,1
2069.0,High,1,7,1,0,2,-1,0,72.0,0,0,0,0,1,0,0,1,0,0,1,1,0,1,0,0,0,0,-1
1511.0,Low,0,2,2,1,2,0,0,31.0,0,0,0,0,1,0,1,1,1,0,1,1,0,1,1,0,1,1,0
1475.0,Low,0,5,1,1,2,-1,0,20.0,0,0,0,0,1,0,0,0,0,1,1,0,0,0,0,1,0,0,-1
487.0,Low,0,14,1,0,2,-1,0,6.0,0,0,0,0,1,0,0,0,0,1,1,1,0,1,1,0,1,1,1
912.0,Low,0,2,2,2,2,0,0,45.0,0,0,0,0,1,0,0,1,0,0,1,1,0,1,1,0,1,1,1
610.0,Low,0,15,1,1,2,0,0,36.0,0,0,0,0,1,0,0,0,0,1,1,1,0,1,1,1,1,1,1
2007.0,High,1,2,1,2,2,0,0,43.0,0,0,0,0,1,0,1,1,0,1,1,1,0,1,0,1,1,1,-1
1467.0,Low,0,6,1,20,1,-1,0,71.0,0,0,0,0,1,0,1,1,0,0,1,1,0,1,0,0,1,1,-1
2270.0,High,1,6,1,7,2,-1,0,156.0,0,0,0,0,1,0,1,1,0,1,1,1,0,1,0,0,1,1,-1
3164.0,High,1,5,1,5,1,0,0,20.0,0,0,0,0,1,0,0,0,0,0,0,0,0,1,0,0,1,0,-1
940.0,Low,0,7,3,0,1,0,0,33.0,0,0,0,0,1,0,1,1,0,1,0,1,0,1,1,1,1,0,1
979.0,Low,0,2,1,1,2,-1,0,24.0,0,0,0,0,1,0,0,0,0,0,1,1,0,1,1,0,0,0,1
1249.0,Low,0,1,6,2,2,-1,0,26.0,0,0,0,0,1,0,1,1,0,1,0,0,0,0,0,1,0,0,-1
2496.0,High,1,2,1,0,1,-1,0,10.0,0,0,0,0,1,0,0,0,0,0,0,1,0,1,0,0,0,0,-1
2921.0,High,1,2,1,1,1,-1,1,27.0,0,0,0,0,1,0,0,0,0,0,1,1,0,1,0,0,1,1,-1
540.0,Low,0,16,3,6,1,1,0,10.0,0,0,0,0,1,0,1,1,0,1,1,1,0,1,1,1,1,1,1
3652.0,High,1,3,2,1,1,-1,0,54.0,0,0,0,0,1,0,1,1,0,0,1,1,0,1,1,0,1,1,1
1188.0,Low,0,2,2,1,1,-1,0,2.0,0,0,0,0,1,0,1,1,0,0,1,1,0,1,0,0,1,1,-1
1504.0,Low,0,6,3,21,1,-1,0,26.0,0,0,0,0,1,0,0,1,0,1,1,1,0,1,0,1,0,0,-1
758.0,Low,0,1,1,1,1,-1,0,11.0,0,0,0,0,1,0,1,1,0,0,0,0,0,0,1,0,0,0,1
2152.0,High,1,2,1,1,1,-1,0,28.0,0,0,0,0,1,0,1,1,1,1,0,0,0,0,0,1,0,0,-1
1947.0,High,1,1,5,1,2,-1,0,14.0,0,0,0,0,1,0,1,1,0,0,0,1,0,1,0,0,1,1,-1
883.0,Low,0,2,1,1,2,-1,0,13.0,0,0,0,0,1,0,0,0,0,1,0,1,0,1,1,1,1,1,1
2553.0,High,1,3,6,1,1,-1,0,59.0,0,0,0,0,1,0,1,1,0,0,1,0,0,1,0,0,1,0,-1
1985.0,High,1,10,2,21,1,-1,0,33.0,0,0,0,0,1,0,1,1,0,1,0,1,0,1,1,1,1,1,1
1860.0,High,1,14,3,15,1,0,0,96.0,0,0,0,0,1,0,0,1,0,0,0,1,0,1,0,0,0,0,-1
1979.0,High,1,6,6,1,1,-1,0,26.0,0,0,0,0,1,0,1,1,0,1,1,0,0,1,0,1,1,0,-1
1062.0,Low,0,14,4,19,1,0,0,36.0,0,0,0,0,1,0,0,1,0,1,1,1,0,1,1,0,1,1,1
2953.0,High,1,3,3,1,1,-1,0,8.0,0,0,0,0,1,0,1,1,0,0,0,0,0,0,0,0,0,0,-1
2997.0,High,1,8,5,144,1,-1,0,74.0,0,0,0,0,1,0,1,1,0,1,0,1,0,1,0,0,1,1,-1
731.0,Low,0,4,1,2,1,-1,0,15.0,0,0,0,0,1,0,0,0,0,0,1,0,0,0,1,0,0,0,1
458.0,Low,0,7,1,3,1,-1,0,7.0,0,0,0,0,1,0,0,0,0,1,0,1,0,1,0,1,0,0,-1
4925.0,High,1,0,2,1,3,-1,1,42.0,0,0,0,0,1,0,1,1,1,0,0,0,0,0,0,0,0,0,-1
4894.0,High,1,3,1,3,1,-1,0,23.0,0,0,0,0,1,0,1,1,0,1,1,1,0,1,0,1,1,1,-1
2404.0,High,1,2,1,1,1,0,0,72.0,0,0,0,0,1,0,1,1,0,1,0,0,0,0,0,0,0,0,-1
3865.0,High,1,3,1,1,1,-1,0,8.0,0,0,0,0,1,0,1,1,0,0,0,1,0,1,0,0,1,0,-1
242.0,Low,0,2,1,1,1,-1,0,4.0,0,0,0,0,0,0,1,1,0,0,0,0,0,0,0,0,0,0,-1
1581.0,Low,0,1,2,1,1,-1,0,31.0,0,0,0,0,1,0,1,1,0,0,1,1,0,1,0,0,1,1,-1
1491.0,Low,0,3,5,1,1,-1,0,14.0,0,0,0,0,1,0,1,1,0,0,1,1,0,1,0,0,1,1,-1
2952.0,High,1,0,11,1,1,-1,1,24.0,0,0,0,0,1,0,1,1,0,0,0,0,0,0,0,0,0,0,-1
8252.0,High,1,3,3,1,1,-1,0,14.0,0,0,0,0,1,0,1,1,0,0,1,0,0,0,0,0,0,0,-1
2230.0,High,1,9,2,2,3,-1,0,24.0,0,0,0,0,1,0,1,1,0,0,1,1,0,1,1,0,1,1,1
2983.0,High,1,2,9,1,1,-1,0,40.0,0,0,0,0,1,0,1,1,0,0,0,0,0,0,0,0,0,0,-1
2563.0,High,1,78,5,62,1,1,0,331.0,0,0,0,0,1,0,0,1,0,1,1,1,0,1,1,1,1,1,1
1642.0,Low,0,0,2,1,1,-1,1,58.0,0,0,0,0,1,0,1,1,0,0,0,0,0,0,0,0,0,0,-1
1308.0,Low,0,5,1,1,1,-1,0,8.0,0,0,0,0,1,0,0,0,0,1,0,1,0,1,1,1,1,0,1
2404.0,High,1,12,3,16,1,-1,0,49.0,0,0,0,0,1,0,0,0,0,1,1,1,0,1,0,0,1,1,-1
1290.0,Low,0,13,2,7,1,-1,0,34.0,0,0,0,0,1,0,1,1,0,1,1,1,0,1,1,1,1,1,1
1064.0,Low,0,6,1,0,1,0,0,10.0,0,0,0,0,1,0,0,0,0,0,0,1,0,1,0,0,1,0,-1
1461.0,Low,0,2,2,2,1,-1,0,20.0,0,0,0,0,1,0,1,1,0,0,1,1,0,1,0,0,1,1,-1
1279.0,Low,0,4,1,11,1,-1,0,81.0,0,0,0,0,1,0,1,1,0,0,0,0,0,0,1,0,0,0,1
2983.0,High,1,2,1,1,1,-1,0,89.0,0,0,0,0,1,0,1,1,0,0,0,0,0,0,0,0,0,0,-1
2191.0,High,1,9,8,1,1,0,0,35.0,0,0,0,0,1,0,1,1,0,0,1,1,0,1,1,0,1,1,1
6855.0,High,1,2,2,1,1,-1,0,34.0,0,0,0,0,1,0,1,1,0,0,1,1,0,1,0,0,1,1,-1
1567.0,Low,0,6,1,0,1,-1,0,64.0,0,0,0,0,1,0,0,0,0,1,0,1,0,1,0,0,1,1,-1
1917.0,High,1,7,2,3,3,0,0,41.0,0,0,0,0,1,0,1,1,0,0,0,1,0,1,0,0,1,1,-1
1279.0,Low,0,4,1,1,2,0,0,55.0,0,0,0,0,1,0,0,0,0,0,1,1,0,1,1,0,1,1,1
1310.0,Low,0,4,4,1,1,0,0,48.0,0,0,0,0,1,0,1,1,0,0,1,1,0,1,1,0,1,1,1
214.0,Low,0,0,1,1,1,-1,0,2.0,0,0,0,0,1,0,1,1,0,0,0,0,0,0,0,0,0,0,-1
1369.0,Low,0,0,4,1,1,0,0,5.0,0,0,0,0,1,0,1,1,0,0,0,0,0,0,0,0,0,0,-1
3287.0,High,1,4,6,1,1,-1,0,15.0,0,0,0,0,1,0,1,1,0,0,1,1,0,1,1,0,1,1,1
6579.0,High,1,4,5,0,1,0,0,54.0,0,0,0,0,1,0,0,0,0,0,0,0,0,1,1,0,1,0,1
4547.0,High,1,6,5,1,1,-1,0,5.0,0,0,0,0,1,0,1,1,0,0,1,1,0,1,1,0,1,1,1
2648.0,High,1,5,2,1,1,-1,0,42.0,0,0,0,0,1,0,1,1,0,0,0,0,0,0,1,0,0,0,1
2618.0,High,1,4,4,1,1,-1,0,31.0,0,0,0,0,1,0,1,1,0,1,1,0,0,0,1,1,0,0,1
1918.0,High,1,3,4,2,1,-1,0,12.0,0,0,0,0,1,0,1,1,0,0,1,1,0,1,0,0,1,1,-1
1887.0,High,1,15,1,7,1,-1,0,31.0,0,0,0,0,1,0,1,1,0,1,1,1,0,1,1,1,1,1,1
2557.0,High,1,9,8,17,1,0,0,23.0,0,0,0,0,1,0,1,1,0,0,1,1,0,1,0,0,1,1,-1
2223.0,High,1,2,9,1,1,1,1,50.0,0,0,0,0,1,0,1,1,0,0,0,1,0,1,0,0,1,1,-1
2404.0,High,1,4,5,10,1,-1,0,20.0,0,0,0,0,1,0,0,0,0,0,0,1,0,1,0,0,1,1,-1
3256.0,High,1,1,8,3,1,0,0,44.0,0,0,0,0,1,0,1,1,0,0,1,1,0,1,1,0,1,1,1
4147.0,High,1,2,3,1,1,-1,0,32.0,0,0,0,0,1,0,1,1,0,0,1,0,0,0,0,0,0,0,-1
2241.0,High,1,1,2,1,1,-1,0,17.0,0,0,0,0,1,0,1,1,0,0,0,0,0,0,0,0,0,0,-1
2406.0,High,1,2,3,76,1,0,0,91.0,0,0,0,0,1,0,1,1,0,0,1,0,0,0,0,0,0,0,-1
2251.0,High,1,2,2,1,1,-1,0,26.0,0,0,0,0,1,0,1,1,0,0,1,1,0,1,0,0,1,1,-1
2157.0,High,1,9,3,3,2,-1,0,10.0,0,0,0,0,1,0,1,1,0,1,1,1,0,1,1,1,1,1,1
3072.0,High,1,0,1,1,1,-1,1,30.0,0,0,0,0,1,0,1,1,0,0,0,0,0,0,0,0,0,0,-1
1492.0,Low,0,1,9,1,1,-1,0,78.0,0,0,0,0,1,0,1,1,0,0,0,1,0,1,0,0,1,1,-1
1277.0,Low,0,11,3,0,6,0,0,33.0,0,0,0,0,1,0,0,0,0,1,1,1,0,1,0,1,1,1,-1
2830.0,High,1,2,6,1,2,-1,0,37.0,0,0,0,0,1,0,1,1,0,0,1,0,0,0,1,0,0,0,1
2341.0,High,1,1,2,6,4,-1,0,37.0,0,0,0,0,1,0,1,1,0,0,1,1,0,1,0,0,1,1,-1
1885.0,High,1,1,1,1,2,-1,0,60.0,0,0,0,0,1,0,0,0,0,0,0,0,0,0,0,0,0,0,-1
2775.0,High,1,2,1,1,2,-1,0,39.0,0,0,0,0,1,0,0,0,0,0,0,0,0,0,0,0,0,0,-1
1129.0,Low,0,5,1,7,7,0,0,32.0,0,0,0,0,1,0,1,1,0,0,1,1,0,1,1,0,0,0,1
1187.0,Low,0,3,1,1,3,-1,0,35.0,0,0,0,0,1,0,1,1,0,0,1,1,0,1,1,0,1,1,1
967.0,Low,0,12,2,7,1,0,0,20.0,0,0,0,0,1,0,0,1,0,1,1,1,0,1,1,1,0,0,1
1904.0,High,1,7,2,6,1,-1,0,25.0,0,0,0,0,1,0,0,0,0,1,1,1,0,1,1,0,1,1,1
1404.0,Low,0,2,2,2,3,0,0,7.0,0,0,0,0,1,0,0,0,0,1,0,0,0,0,0,1,0,0,-1
3230.0,High,1,1,8,1,2,0,0,34.0,0,0,0,0,1,0,1,1,0,1,1,1,0,1,0,1,1,1,-1
2203.0,High,1,10,9,1,2,0,0,34.0,0,0,0,0,1,0,1,1,0,0,0,0,0,0,0,0,0,0,-1
3136.0,High,1,2,1,1,1,-1,0,21.0,0,0,0,0,1,0,1,1,0,0,1,0,0,1,0,0,1,0,-1
3106.0,High,1,4,2,1,1,0,0,47.0,0,0,0,0,1,0,1,1,0,0,1,0,0,1,0,0,1,0,-1
2253.0,High,1,12,1,0,1,0,0,134.0,0,0,0,0,1,0,0,0,0,1,0,1,0,1,1,1,1,0,1
155.0,Low,0,9,1,1,2,-1,0,1.0,0,0,0,0,1,0,1,1,0,0,1,1,0,1,1,0,1,1,1
916.0,Low,0,9,1,9,2,-1,0,42.0,0,0,0,0,1,0,1,1,0,1,0,0,0,1,0,1,0,0,-1
578.0,Low,0,1,1,1,1,0,0,100.0,0,0,0,0,0,0,0,0,0,0,0,1,0,1,0,0,1,1,-1
792.0,Low,0,5,2,1,1,-1,0,8.0,0,0,0,0,1,0,0,0,0,1,0,0,0,0,0,1,0,0,-1
1480.0,Low,0,18,1,12,2,0,0,133.0,0,0,0,0,1,0,1,1,0,1,0,1,0,1,1,1,1,1,1
1369.0,Low,0,4,1,0,1,-1,0,28.0,0,0,0,0,1,0,1,1,0,0,1,0,0,1,0,0,1,0,-1
1642.0,Low,0,6,1,2,4,-1,0,18.0,0,0,0,0,1,0,1,1,0,1,1,0,0,0,1,1,0,0,1
455.0,Low,0,2,1,12,1,0,0,1.0,0,0,0,0,1,0,0,1,0,1,1,1,0,1,0,1,1,1,-1
2909.0,High,1,2,2,5,2,-1,0,18.0,0,0,0,0,1,0,1,1,0,0,1,1,0,1,0,0,1,1,-1
3617.0,High,1,3,8,96,2,1,0,191.0,0,0,0,0,1,0,0,1,0,0,1,1,0,1,0,0,1,1,-1
1852.0,High,1,1,2,1,2,-1,0,15.0,0,0,0,0,1,0,1,1,0,0,1,0,0,0,0,0,0,0,-1
1236.0,Low,0,8,1,1,1,-1,0,94.0,0,0,0,0,1,0,0,0,0,1,1,1,0,1,1,1,1,1,1
1196.0,Low,0,2,1,1,2,0,0,33.0,0,0,0,0,1,0,1,1,1,0,1,1,0,1,1,0,1,1,0
1715.0,Low,0,2,1,1,2,0,0,21.0,0,0,0,0,1,0,1,1,1,0,0,0,0,0,0,0,0,0,-1
2512.0,High,1,6,1,5,4,-1,0,108.0,0,0,0,0,1,0,0,0,0,1,1,0,0,0,0,0,0,0,-1
1279.0,Low,0,6,1,3,2,-1,0,7.0,0,0,0,0,1,0,0,0,0,0,1,1,0,1,1,0,1,1,1
643.0,Low,0,1,1,1,2,0,0,10.0,0,0,0,0,1,0,1,1,1,0,0,1,0,1,1,0,1,1,0
1035.0,Low,0,6,2,1,1,-1,0,30.0,0,0,0,0,1,0,0,0,0,1,1,0,0,1,1,0,0,0,1
1742.0,Low,0,13,3,16,1,0,0,38.0,0,0,0,0,1,0,0,1,0,1,0,0,0,1,0,0,0,0,-1
2831.0,High,1,9,3,3,2,-1,0,71.0,0,0,0,0,1,0,0,1,0,1,1,1,0,1,0,1,1,1,-1
5024.0,High,1,0,2,1,3,-1,1,21.0,0,0,0,0,1,0,1,1,1,0,0,0,0,0,0,0,0,0,-1
816.0,Low,0,8,2,29,1,1,1,95.0,0,0,0,0,1,0,0,0,0,0,0,1,0,1,1,0,1,1,1
577.0,Low,0,47,2,0,2,1,0,20.0,0,0,0,0,1,0,0,0,0,1,1,1,0,1,1,0,1,1,1
1399.0,Low,0,6,5,0,1,-1,0,281.0,0,0,0,0,1,0,0,0,0,0,0,0,0,0,0,0,0,0,-1
1492.0,Low,0,2,1,0,2,0,0,92.0,0,0,0,0,1,0,0,0,0,0,1,1,0,1,1,0,1,1,0
2704.0,High,1,2,2,1,2,1,0,55.0,0,0,0,0,1,0,1,1,1,0,0,1,0,1,0,0,1,1,-1
3590.0,High,1,5,6,3,2,-1,0,12.0,0,0,0,0,1,0,1,1,0,0,0,1,0,1,0,0,1,1,-1
1068.0,Low,0,7,2,1,3,-1,0,6.0,0,0,0,0,1,0,0,0,0,0,1,1,0,1,1,0,1,1,1
1949.0,High,1,5,2,4,2,0,0,118.0,0,0,0,0,1,0,1,1,0,0,1,1,0,1,1,0,1,1,1
1798.0,Low,0,3,1,28,2,0,0,111.0,0,0,0,0,1,0,0,1,0,1,1,0,0,0,0,0,0,0,-1
231.0,Low,0,2,1,3,2,-1,0,25.0,0,0,0,0,1,0,1,1,0,1,1,1,0,1,1,1,1,1,1
871.0,Low,0,5,1,1,1,-1,0,30.0,0,0,0,0,1,0,0,0,0,1,1,0,0,1,0,0,0,0,-1
1553.0,Low,0,2,1,3,2,0,0,52.0,0,0,0,0,1,0,1,1,0,0,1,1,0,1,1,0,1,1,1
2128.0,High,1,2,1,1,1,-1,0,7.0,0,0,0,0,1,0,1,1,0,0,1,1,0,1,0,0,1,1,-1
2182.0,High,1,6,2,13,1,-1,0,93.0,0,0,0,0,1,0,1,1,0,1,0,1,0,1,0,1,1,1,-1
1461.0,Low,0,0,3,1,2,0,0,24.0,0,0,0,0,1,0,1,1,0,0,0,0,0,0,0,0,0,0,-1
1034.0,Low,0,3,2,18,1,-1,0,30.0,0,0,0,0,1,0,1,1,0,1,1,1,0,1,0,0,1,1,-1
1916.0,High,1,11,1,2,2,-1,0,50.0,0,0,0,0,0,0,0,0,0,1,1,0,0,1,0,1,1,0,-1
4471.0,High,1,6,4,8,2,1,0,79.0,0,0,0,0,1,0,1,1,0,0,1,1,0,1,0,0,1,1,-1
2132.0,High,1,3,4,1,1,-1,0,30.0,0,0,0,0,1,0,0,0,0,0,1,0,0,1,0,0,1,0,-1
690.0,Low,0,3,1,4,1,-1,0,16.0,0,0,0,0,1,0,1,1,0,1,1,1,0,1,0,1,1,1,-1
1188.0,Low,0,4,2,3,5,-1,0,19.0,0,0,0,0,1,0,1,1,0,0,1,1,0,1,1,0,1,1,1
3123.0,High,1,3,2,1,2,-1,0,42.0,0,0,0,0,1,0,1,1,0,0,1,1,0,1,1,0,1,1,1
1369.0,Low,0,0,5,1,2,-1,1,6.0,0,0,0,0,1,0,1,1,0,0,0,0,0,0,0,0,0,0,-1
1476.0,Low,0,7,1,6,5,-1,0,64.0,0,0,0,0,1,0,1,1,0,1,0,1,0,1,1,1,1,1,1
852.0,Low,0,5,1,4,2,-1,0,23.0,0,0,0,0,1,0,1,1,0,0,1,1,0,1,1,0,1,1,1
974.0,Low,0,6,1,3,1,-1,0,28.0,0,0,0,0,1,0,0,1,0,1,1,1,0,1,1,1,0,0,1
2891.0,High,1,0,2,3,2,0,0,54.0,0,0,0,0,1,0,1,1,0,0,0,0,0,0,0,0,0,0,-1
2403.0,High,1,5,2,1,1,1,1,73.0,0,0,0,0,1,0,0,0,0,0,1,0,0,0,0,0,0,0,-1
3106.0,High,1,1,7,14,2,-1,0,20.0,0,0,0,0,1,0,1,1,0,0,0,0,0,0,0,0,0,0,-1
1264.0,Low,0,15,2,15,3,0,0,43.0,0,0,0,0,0,0,1,1,0,1,1,1,0,1,1,1,0,0,1
1884.0,High,1,23,3,0,4,0,0,45.0,0,0,0,0,1,0,1,1,0,1,1,1,0,1,0,1,1,1,-1
943.0,Low,0,5,1,1,1,-1,0,24.0,0,0,0,0,1,0,0,0,0,0,1,0,0,0,1,0,0,0,1
546.0,Low,0,2,2,0,4,0,0,9.0,0,0,0,0,1,0,0,0,0,0,1,0,0,1,0,0,1,0,-1
2298.0,High,1,3,6,1,1,1,0,62.0,0,0,0,0,1,0,1,1,0,0,1,1,0,1,1,0,1,1,1
3744.0,High,1,16,1,0,1,-1,0,15.0,0,0,0,0,1,0,0,0,0,0,1,1,0,1,1,0,1,1,1
1308.0,Low,0,2,2,2,2,0,0,35.0,0,0,0,0,1,0,1,1,1,0,0,0,0,0,0,0,0,0,-1
1847.0,High,1,10,5,1,2,-1,0,29.0,0,0,0,0,1,0,1,1,0,1,1,0,0,1,0,0,1,0,-1
1199.0,Low,0,7,1,1,3,-1,0,6.0,0,0,0,0,1,0,1,1,0,0,0,0,0,0,0,0,0,0,-1
3011.0,High,1,5,1,1,2,0,0,16.0,0,0,0,0,1,0,1,1,0,0,1,1,0,1,1,0,1,1,1
2161.0,High,1,2,1,4,2,0,0,14.0,0,0,0,0,1,0,1,1,0,0,1,0,0,1,0,0,1,0,-1
1340.0,Low,0,6,1,3,3,-1,0,39.0,0,0,0,0,1,0,0,0,0,0,0,0,0,0,0,0,0,0,-1
3075.0,High,1,0,2,1,2,-1,1,25.0,0,0,0,0,1,0,1,1,0,0,0,0,0,0,0,0,0,0,-1
1736.0,Low,0,12,5,7,2,0,0,59.0,0,0,0,0,1,0,1,1,0,1,1,1,0,1,1,1,1,1,1
1280.0,Low,0,1,1,1,3,-1,0,12.0,0,0,0,0,1,0,1,1,0,0,1,1,0,1,0,0,1,1,-1
1338.0,Low,0,0,2,3,2,0,0,30.0,0,0,0,0,1,0,1,1,0,0,0,0,0,0,0,0,0,0,-1
2707.0,High,1,9,2,1,2,-1,0,34.0,0,0,0,0,1,0,1,1,1,1,1,1,0,1,0,0,1,1,-1
3385.0,High,1,1,2,1,2,0,0,95.0,0,0,0,0,1,0,1,1,0,1,1,1,0,1,0,1,1,1,-1
2219.0,High,1,6,9,11,3,0,0,39.0,0,0,0,0,1,0,1,1,0,1,0,1,0,1,1,1,1,1,1
4778.0,High,1,10,1,2,10,-1,0,50.0,0,0,0,0,1,0,1,1,0,0,1,1,0,1,0,0,1,1,-1
425.0,Low,0,8,1,1,2,-1,0,16.0,0,0,0,0,0,0,0,0,0,1,1,1,0,1,1,0,1,1,1
2009.0,High,1,9,1,0,3,0,0,149.0,0,0,0,0,1,0,1,1,0,1,1,1,0,1,1,1,1,1,1
1568.0,Low,0,2,2,1,2,0,0,8.0,0,0,0,0,1,0,1,1,1,0,1,0,0,0,0,0,0,0,-1
1691.0,Low,0,2,2,1,2,0,0,5.0,0,0,0,0,1,0,1,1,0,0,1,1,0,1,0,0,1,1,-1
1762.0,Low,0,5,1,1,8,0,0,39.0,0,0,0,0,1,0,1,1,0,1,0,0,0,0,0,1,0,0,-1
1371.0,Low,0,6,1,6,1,-1,0,41.0,0,0,0,0,1,0,1,1,0,1,0,1,0,1,0,0,1,1,-1
202.0,Low,0,9,1,2,6,-1,0,3.0,0,0,0,0,1,0,0,0,0,0,0,1,0,1,1,0,1,1,1
915.0,Low,0,15,2,11,2,0,0,61.0,0,0,0,0,1,0,1,1,0,0,0,1,0,1,1,0,0,0,1
3348.0,High,1,1,3,1,2,0,0,150.0,0,0,0,0,1,0,1,1,0,0,0,1,0,1,0,0,1,1,-1
1288.0,Low,0,4,3,1,6,1,0,11.0,0,0,0,0,1,0,1,1,0,0,1,0,0,0,0,0,0,0,-1
3279.0,High,1,11,2,3,5,0,0,57.0,0,0,0,0,1,0,1,1,0,0,1,1,0,1,0,0,1,1,-1
1209.0,Low,0,9,1,1,1,-1,0,4.0,0,0,0,0,1,0,0,0,0,1,1,1,0,1,1,1,1,1,1
1127.0,Low,0,5,3,4,4,0,0,48.0,0,0,0,0,1,0,1,1,0,1,1,1,0,1,1,1,1,1,1
3226.0,High,1,2,13,1,2,-1,0,50.0,0,0,0,0,1,0,1,1,0,0,1,1,0,1,1,0,1,1,1
3348.0,High,1,1,5,1,2,-1,0,70.0,0,0,0,0,1,0,1,1,0,0,0,0,0,0,0,0,0,0,-1
1127.0,Low,0,3,1,1,2,-1,1,35.0,0,0,0,0,1,0,1,1,0,0,1,1,0,1,0,0,1,1,-1
2606.0,High,1,12,1,1,1,-1,0,37.0,0,0,0,0,1,0,0,0,0,0,1,1,0,1,1,0,1,1,1
558.0,Low,0,5,1,1,1,-1,0,12.0,0,0,0,0,1,0,0,0,0,1,1,0,0,0,0,1,0,0,-1
912.0,Low,0,2,1,3,2,-1,0,35.0,0,0,0,0,1,0,0,0,0,1,1,1,0,1,1,1,1,1,1
1599.0,Low,0,16,8,21,1,0,0,91.0,0,0,0,0,1,0,0,1,0,1,1,1,0,1,1,1,1,1,1
1041.0,Low,0,3,1,1,1,-1,0,20.0,0,0,0,0,1,0,0,0,0,1,0,1,0,1,1,1,1,1,1
1035.0,Low,0,6,1,1,1,-1,0,13.0,0,0,0,0,1,0,0,0,0,1,1,0,0,0,0,1,0,0,-1
1400.0,Low,0,5,2,6,1,-1,0,8.0,0,0,0,0,1,0,1,1,0,0,1,1,0,1,0,0,1,1,-1
1430.0,Low,0,3,2,2,3,0,0,1.0,0,0,0,0,1,0,1,1,0,1,1,0,0,0,0,1,0,0,-1
2038.0,High,1,5,1,1,8,-1,0,27.0,0,0,0,0,1,0,1,1,0,1,1,1,0,1,1,1,1,1,1
1456.0,Low,0,3,4,21,1,0,0,50.0,0,0,0,0,1,0,0,1,0,1,0,1,0,1,0,1,1,1,-1
1895.0,High,1,3,11,1,2,1,0,5.0,0,0,0,0,1,0,1,1,0,0,0,0,0,1,0,0,1,0,-1
1673.0,Low,0,3,1,1,2,-1,0,33.0,0,0,0,0,1,0,1,1,0,0,1,1,0,1,1,0,1,1,1
1633.0,Low,0,7,2,10,2,-1,0,75.0,0,0,0,0,1,0,0,0,0,1,1,1,0,1,0,0,1,1,-1
1776.0,Low,0,5,3,1,5,-1,0,26.0,0,0,0,0,1,0,1,1,1,0,1,1,0,1,1,0,1,1,1
794.0,Low,0,4,2,15,1,-1,0,33.0,0,0,0,0,1,0,1,1,0,0,0,1,0,1,1,0,0,0,1
509.0,Low,0,8,6,3,1,0,0,23.0,0,0,0,0,1,0,0,0,0,1,0,1,0,1,0,1,1,1,-1
1824.0,High,1,7,7,8,1,-1,0,39.0,0,0,0,0,1,0,0,0,0,0,1,1,0,1,1,0,1,1,1
360.0,Low,0,3,1,0,1,0,0,9.0,0,0,0,0,1,0,0,0,0,1,0,0,0,1,0,0,1,0,-1
2891.0,High,1,1,2,17,1,-1,0,51.0,0,0,0,0,1,0,0,0,0,0,0,0,0,0,0,0,0,0,-1
2339.0,High,1,22,4,23,1,0,0,133.0,0,0,0,0,1,0,0,1,0,1,1,1,0,1,1,1,1,1,1
1249.0,Low,0,2,2,1,1,-1,0,3.0,0,0,0,0,1,0,1,1,0,0,1,0,0,0,0,0,0,0,-1
1323.0,Low,0,1,1,17,2,-1,0,107.0,0,0,0,0,1,0,0,0,0,1,0,1,0,1,0,1,1,1,-1
1339.0,Low,0,1,1,1,1,-1,0,12.0,0,0,0,0,1,0,1,1,0,0,1,0,0,0,0,0,0,0,-1
2536.0,High,1,12,3,1,2,0,0,27.0,0,0,0,0,1,0,1,1,1,0,1,1,0,1,0,0,1,1,-1
623.0,Low,0,2,1,1,2,-1,1,7.0,0,0,0,0,1,0,1,1,1,0,1,1,0,1,1,0,1,1,0
1087.0,Low,0,18,1,11,9,0,0,183.0,0,0,0,0,1,0,1,1,0,1,0,1,0,1,1,1,1,1,1
7115.0,High,1,22,1,0,1,-1,0,59.0,0,0,0,0,1,0,0,0,0,0,1,1,0,1,1,0,1,1,1
457.0,Low,0,5,1,1,1,1,0,24.0,0,0,0,0,1,0,0,0,0,0,0,0,0,0,1,0,0,0,1
1921.0,High,1,7,1,1,5,0,0,53.0,0,0,0,0,1,0,1,1,1,1,0,1,0,1,0,0,1,1,-1
4597.0,High,1,4,3,1,1,-1,0,24.0,0,0,0,0,1,0,1,1,0,0,0,0,0,1,0,0,0,0,-1
2645.0,High,1,10,2,1,2,0,0,38.0,0,0,0,0,1,0,1,1,1,1,1,1,0,1,1,1,1,1,1
1513.0,Low,0,18,1,4,1,0,0,44.0,0,0,0,0,1,0,0,0,0,1,1,1,0,1,0,1,1,1,-1
714.0,Low,0,6,2,1,1,1,0,85.0,0,0,0,0,1,0,0,0,0,0,1,0,0,0,1,0,0,0,1
3075.0,High,1,12,3,7,1,-1,0,39.0,0,0,0,0,1,0,1,1,0,1,1,1,0,1,1,1,1,1,1
1476.0,Low,0,2,10,1,2,-1,0,61.0,0,0,0,0,1,0,1,1,0,0,1,1,0,1,0,0,1,1,-1
3696.0,High,1,9,6,11,11,1,0,9.0,0,0,0,0,1,0,1,1,1,0,1,1,0,1,1,0,1,1,1
732.0,Low,0,11,1,5,1,-1,0,24.0,0,0,0,0,1,0,0,0,0,1,1,1,0,1,1,1,1,1,1
854.0,Low,0,2,1,4,2,-1,0,12.0,0,0,0,0,1,0,1,1,0,1,0,1,0,1,0,1,1,1,-1
2222.0,High,1,6,1,4,2,-1,0,37.0,0,0,0,0,1,0,1,1,0,0,0,0,0,0,0,0,0,0,-1
1308.0,Low,0,4,1,2,3,-1,0,22.0,0,0,0,0,1,0,0,1,0,1,1,1,0,1,0,0,0,0,-1
906.0,Low,0,5,1,1,1,-1,0,23.0,0,0,0,0,1,0,1,1,0,1,0,1,0,1,0,0,1,1,-1
1977.0,High,1,2,4,4,4,0,0,30.0,0,0,0,0,1,0,1,1,0,0,0,0,0,0,0,0,0,0,-1
2187.0,High,1,5,1,3,1,-1,0,11.0,0,0,0,0,1,0,1,1,0,1,1,0,0,0,0,1,0,0,-1
1739.0,Low,0,2,3,31,2,0,0,300.0,0,0,0,0,1,0,1,1,0,0,0,1,0,1,0,0,1,1,-1
1583.0,Low,0,2,6,2,2,-1,0,49.0,0,0,0,0,1,0,0,0,0,0,0,0,0,0,0,0,0,0,-1
1155.0,Low,0,5,1,4,2,0,0,70.0,0,0,0,0,1,0,1,1,0,0,1,1,0,1,1,0,1,1,1
904.0,Low,0,13,2,1,1,-1,0,9.0,0,0,0,0,1,0,0,0,0,1,1,1,0,1,1,0,1,1,1
3728.0,High,1,2,2,1,1,0,0,38.0,0,0,0,0,1,0,1,1,0,0,1,0,0,0,1,0,0,0,1
1369.0,Low,0,0,3,1,2,-1,1,50.0,0,0,0,0,1,0,1,1,1,0,0,0,0,0,0,0,0,0,-1
1247.0,Low,0,9,1,1,2,-1,0,34.0,0,0,0,0,1,0,1,1,0,0,1,1,0,1,1,0,1,1,1
2831.0,High,1,2,1,1,1,-1,0,7.0,0,0,0,0,1,0,0,0,0,0,0,1,0,1,0,0,1,1,-1
1525.0,Low,0,14,5,14,1,-1,0,67.0,0,0,0,0,1,0,0,0,0,0,1,1,0,1,1,0,1,1,1
1766.0,Low,0,19,1,6,1,0,0,17.0,0,0,0,0,1,0,1,1,0,1,1,1,0,1,1,1,1,1,1
1903.0,High,1,8,2,19,2,0,0,156.0,0,0,0,0,1,0,1,1,0,1,0,1,0,1,1,1,1,1,1
1607.0,Low,0,2,2,2,7,-1,0,8.0,0,0,0,0,1,0,1,1,0,0,0,1,0,1,1,0,1,1,1
1037.0,Low,0,9,2,12,1,1,1,181.0,0,0,0,0,1,0,0,0,0,0,1,0,0,0,1,0,0,0,1
2088.0,High,1,1,1,2,1,-1,0,31.0,0,0,0,0,1,0,1,1,0,0,0,1,0,1,0,0,1,1,-1
1461.0,Low,0,16,2,28,1,0,0,103.0,0,0,0,0,1,0,0,1,0,1,1,1,0,1,0,1,1,1,-1
3090.0,High,1,5,3,11,8,-1,0,110.0,0,0,0,0,1,0,1,1,1,1,1,1,0,1,0,1,1,1,-1
975.0,Low,0,12,1,0,1,0,0,48.0,0,0,0,0,1,0,0,0,0,0,0,0,0,0,0,0,0,0,-1
1579.0,Low,0,7,1,13,2,-1,0,92.0,0,0,0,0,1,0,1,1,0,1,0,1,0,1,1,1,1,1,1
2487.0,High,1,4,1,0,1,-1,0,25.0,0,0,0,0,1,0,0,0,0,0,0,1,0,1,0,0,1,1,-1
820.0,Low,0,1,1,5,1,-1,0,50.0,0,0,0,0,1,0,1,1,0,1,0,0,0,0,0,1,0,0,-1
945.0,Low,0,7,1,8,1,-1,0,13.0,0,0,0,0,1,0,0,0,0,1,1,1,0,1,1,0,1,1,1
2679.0,High,1,13,1,22,1,0,0,79.0,0,0,0,0,1,0,0,1,0,1,1,1,0,1,1,1,1,1,1
721.0,Low,0,10,3,1,19,-1,0,2.0,0,0,0,0,1,0,1,1,0,1,1,1,0,1,0,1,1,1,-1
882.0,Low,0,1,2,0,1,-1,0,12.0,0,0,0,0,1,0,0,0,0,0,0,0,0,0,0,0,0,0,-1
4957.0,High,1,4,8,1,1,-1,0,107.0,0,0,0,0,1,0,1,1,0,0,1,1,0,1,1,0,1,1,1
758.0,Low,0,8,1,1,2,0,0,27.0,0,0,0,0,0,1,0,0,0,0,0,1,0,1,1,0,1,1,1
1644.0,Low,0,2,1,1,1,-1,0,9.0,0,0,0,0,1,0,1,1,0,1,0,0,0,0,0,1,0,0,-1
2132.0,High,1,3,1,8,1,-1,0,13.0,0,0,0,0,1,0,0,0,0,0,0,0,0,0,0,0,0,0,-1
2951.0,High,1,50,4,38,1,0,0,119.0,0,0,0,0,1,0,0,1,0,0,1,1,0,1,1,0,1,1,1
488.0,Low,0,2,1,0,1,-1,0,13.0,0,0,0,0,1,0,0,0,0,1,0,1,0,1,0,1,1,1,-1
1339.0,Low,0,5,1,6,2,-1,0,77.0,0,0,0,0,1,0,0,0,0,0,0,1,0,1,0,0,1,1,-1
2008.0,High,1,3,1,1,1,0,0,16.0,0,0,0,0,1,0,1,1,0,0,1,1,0,1,0,0,1,1,-1
1125.0,Low,0,5,1,3,1,0,0,82.0,0,0,0,0,1,0,1,1,0,0,0,1,0,1,0,0,1,1,-1
2324.0,High,1,52,4,41,2,1,0,231.0,0,0,0,0,1,0,1,1,0,0,1,1,0,1,1,0,1,1,1
3562.0,High,1,0,1,1,1,-1,1,24.0,0,0,0,0,1,0,1,1,1,0,0,0,0,0,0,0,0,0,-1
3228.0,High,1,2,1,5,2,-1,0,30.0,0,0,0,0,1,0,1,1,0,0,1,1,0,1,0,0,1,1,-1
2976.0,High,1,8,3,8,1,-1,0,60.0,0,0,0,0,1,0,1,1,0,1,1,1,0,1,1,1,1,1,1
1127.0,Low,0,2,2,5,1,0,0,24.0,0,0,0,0,1,0,1,1,0,0,1,0,0,0,0,0,0,0,-1
670.0,Low,0,4,1,1,1,0,0,23.0,0,0,0,0,1,0,1,1,0,1,0,0,0,0,0,1,0,0,-1
614.0,Low,0,12,2,4,1,-1,0,10.0,0,0,0,0,1,0,0,0,0,1,0,1,0,1,0,1,1,1,-1
767.0,Low,0,14,1,1,1,-1,0,13.0,0,0,0,0,0,0,0,0,0,1,1,1,0,1,1,0,1,1,1
1445.0,Low,0,17,1,17,1,-1,0,35.0,0,0,0,0,1,0,0,1,0,1,1,1,0,1,1,1,1,1,1
1309.0,Low,0,5,1,1,1,0,0,25.0,0,0,0,0,1,0,0,0,0,1,1,1,0,1,0,0,1,1,-1
3179.0,High,1,8,7,1,1,0,0,38.0,0,0,0,0,1,0,1,1,0,0,1,1,0,1,1,0,1,1,1
1467.0,Low,0,1,1,4,1,0,0,21.0,0,0,0,0,1,0,0,0,0,0,1,1,0,1,0,0,1,1,-1
1918.0,High,1,2,1,2,4,0,0,56.0,0,0,0,0,1,0,1,1,0,0,0,0,0,0,1,0,0,0,1
1935.0,High,1,5,2,1,1,0,0,33.0,0,0,0,0,1,0,1,1,0,0,1,1,0,1,0,0,1,0,-1
4759.0,High,1,6,1,0,1,-1,0,11.0,0,0,0,0,1,0,0,0,0,1,1,1,0,1,1,0,1,1,1
1643.0,Low,0,1,1,1,1,0,0,12.0,0,0,0,0,1,0,1,1,0,0,0,0,0,0,0,0,0,0,-1
989.0,Low,0,2,1,1,1,0,0,18.0,0,0,0,0,1,0,1,1,0,1,0,0,0,0,0,1,0,0,-1
775.0,Low,0,2,1,3,1,0,0,41.0,0,0,0,0,1,0,0,0,0,0,0,0,0,0,0,0,0,0,-1
915.0,Low,0,1,1,11,1,-1,0,67.0,0,0,0,0,1,0,1,1,0,0,0,0,0,0,0,0,0,0,-1
2403.0,High,1,7,1,12,1,-1,0,48.0,0,0,0,0,1,0,0,0,0,0,1,1,0,1,1,0,1,1,1
1438.0,Low,0,29,3,7,1,0,0,66.0,0,0,0,0,1,0,1,1,0,0,1,1,0,1,0,0,1,1,-1
2835.0,High,1,2,2,2,1,-1,0,46.0,0,0,0,0,1,0,1,1,0,0,1,1,0,1,1,0,1,1,1
1461.0,Low,0,2,1,6,1,0,0,12.0,0,0,0,0,1,0,1,1,0,0,0,1,0,1,0,0,0,0,-1
2223.0,High,1,1,2,1,3,-1,0,51.0,0,0,0,0,1,0,1,1,0,0,1,1,0,1,0,0,1,1,-1
3226.0,High,1,5,1,4,1,0,0,42.0,0,0,0,0,1,0,1,1,0,0,0,0,0,0,0,0,0,0,-1
1196.0,Low,0,4,1,8,2,-1,0,58.0,0,0,0,0,1,0,1,1,0,0,1,0,0,0,0,0,0,0,-1
1121.0,Low,0,4,5,1,2,-1,0,22.0,0,0,0,0,1,0,0,0,0,0,0,0,0,1,0,0,1,0,-1
2869.0,High,1,19,3,11,11,0,0,106.0,0,0,0,0,1,0,1,1,0,1,1,1,0,1,1,1,1,1,1
2120.0,High,1,21,2,7,1,0,0,104.0,0,0,0,0,1,0,1,1,0,0,1,1,0,1,0,0,1,1,-1
1948.0,High,1,8,2,11,1,0,0,60.0,0,0,0,0,1,0,0,0,0,0,1,0,0,1,0,0,1,0,-1
1680.0,Low,0,7,7,0,2,1,0,112.0,0,0,0,0,1,0,1,1,0,0,0,1,0,1,0,0,1,1,-1
1846.0,High,1,13,4,0,1,0,0,188.0,0,0,0,0,1,0,1,1,0,1,1,1,0,1,1,0,1,1,1
862.0,Low,0,6,4,1,1,0,0,16.0,0,0,0,0,1,0,0,0,0,0,1,1,0,1,0,0,1,1,-1
1846.0,High,1,27,7,11,1,0,0,85.0,0,0,0,0,1,0,1,1,0,1,1,1,0,1,1,1,1,1,1
164.0,Low,0,2,2,1,1,1,1,64.0,0,0,0,0,1,0,1,1,0,1,0,1,0,1,1,1,1,1,1
3164.0,High,1,9,2,116,3,-1,0,46.0,0,0,0,0,1,0,1,1,1,1,1,1,0,1,1,1,1,1,1
2049.0,High,1,22,7,52,1,1,0,267.0,0,0,0,0,1,0,0,1,0,1,1,1,0,1,1,1,1,1,1
547.0,Low,0,0,1,1,1,-1,0,12.0,0,0,0,0,1,0,0,0,0,0,0,0,0,0,0,0,0,0,-1
977.0,Low,0,19,4,3,5,-1,0,32.0,0,0,0,0,1,0,1,1,0,0,1,1,0,1,0,0,1,1,-1
1279.0,Low,0,4,2,1,2,-1,0,25.0,0,0,0,0,1,0,1,1,0,0,1,1,0,1,0,0,1,1,-1
1614.0,Low,0,2,1,5,4,0,0,46.0,0,0,0,0,1,0,0,0,0,0,1,1,0,1,1,0,1,1,1
1004.0,Low,0,5,5,1,3,-1,0,16.0,0,0,0,0,1,0,1,1,0,0,1,1,0,1,1,0,1,1,1
2464.0,High,1,34,7,0,1,1,0,137.0,0,0,0,0,1,0,0,0,0,0,0,0,0,0,1,0,0,0,1
2922.0,High,1,4,1,22,1,0,0,90.0,0,0,0,0,1,0,1,1,0,0,0,1,0,1,0,0,1,1,-1
1553.0,Low,0,2,1,3,2,-1,0,35.0,0,0,0,0,1,0,1,1,0,0,0,1,0,1,0,0,0,0,-1
1553.0,Low,0,3,1,1,2,0,0,39.0,0,0,0,0,1,0,1,1,0,0,0,1,0,1,0,0,1,1,-1
1169.0,Low,0,13,3,0,2,1,0,55.0,0,0,0,0,1,0,1,1,0,0,0,1,0,1,0,0,1,1,-1
943.0,Low,0,0,1,1,2,0,0,71.0,0,0,0,0,1,0,1,1,0,0,0,0,0,0,0,0,0,0,-1
1887.0,High,1,4,1,6,2,-1,0,121.0,0,0,0,0,1,0,1,1,0,0,1,1,0,1,1,0,1,1,1
274.0,Low,0,6,2,3,1,-1,0,12.0,0,0,0,0,0,0,1,1,0,1,1,1,0,1,1,0,1,1,1
1066.0,Low,0,7,2,0,1,0,0,22.0,0,0,0,0,1,0,0,0,0,1,1,1,0,1,1,0,1,1,1
1280.0,Low,0,2,1,1,1,-1,0,18.0,0,0,0,0,1,0,1,1,0,0,1,1,0,1,1,0,1,1,1
947.0,Low,0,8,1,0,1,1,0,63.0,0,0,0,0,0,0,0,0,0,0,0,0,0,0,0,0,0,0,-1
1112.0,Low,0,13,1,0,6,-1,0,6.0,0,0,0,0,1,0,0,0,0,0,1,1,0,1,0,0,1,1,-1
3401.0,High,1,1,1,4,1,-1,0,76.0,0,0,0,0,1,0,1,1,0,0,0,0,0,0,0,0,0,0,-1
1857.0,High,1,7,3,5,1,0,0,66.0,0,0,0,0,1,0,0,0,0,0,0,1,0,1,1,0,1,1,1
1886.0,High,1,1,1,5,18,-1,0,32.0,0,0,0,0,1,0,1,1,0,1,0,0,0,0,0,1,0,0,-1
1120.0,Low,0,6,7,1,10,-1,0,30.0,0,0,0,0,1,0,1,1,0,0,0,0,0,1,1,0,1,0,1
671.0,Low,0,2,3,9,2,-1,0,33.0,0,0,0,0,1,0,1,1,0,1,1,0,0,0,0,1,0,0,-1
822.0,Low,0,2,1,1,2,1,0,30.0,0,0,0,0,1,0,0,0,0,0,0,0,0,1,0,0,0,0,-1
457.0,Low,0,5,1,4,4,0,0,35.0,0,0,0,0,1,0,1,1,0,0,1,1,0,1,1,0,1,1,0
1127.0,Low,0,0,1,0,2,0,0,37.0,0,0,0,0,1,0,1,1,0,0,0,0,0,0,0,0,0,0,-1
4300.0,High,1,6,7,1,4,-1,0,15.0,0,0,0,0,1,0,1,1,1,1,1,1,0,1,1,1,1,1,1
2289.0,High,1,7,4,7,6,-1,0,29.0,0,0,0,0,1,0,1,1,0,1,1,1,0,1,1,1,1,1,1
1268.0,Low,0,10,1,6,2,-1,0,13.0,0,0,0,0,1,0,0,0,0,1,0,0,0,0,1,1,0,0,1
1492.0,Low,0,5,1,1,2,-1,0,39.0,0,0,0,0,1,0,0,0,0,0,1,1,0,1,0,0,0,0,-1
1851.0,High,1,2,1,7,4,-1,0,90.0,0,0,0,0,1,0,1,1,0,1,1,1,0,1,0,1,1,1,-1
2408.0,High,1,50,3,0,7,0,0,197.0,0,0,0,0,1,0,0,0,0,1,1,1,0,1,1,1,0,0,1
947.0,Low,0,15,2,2,1,0,0,24.0,0,0,0,0,1,0,1,1,0,0,0,1,0,1,0,0,0,0,-1
1304.0,Low,0,1,2,6,1,-1,0,8.0,0,0,0,0,1,0,1,1,0,0,0,0,0,0,0,0,0,0,-1
1408.0,Low,0,1,4,1,4,0,0,26.0,0,0,0,0,1,0,1,1,0,1,0,0,0,0,0,1,0,0,-1
880.0,Low,0,10,5,1,1,-1,0,30.0,0,0,0,0,1,0,0,0,0,1,1,1,0,1,1,0,1,1,1
1814.0,High,1,2,4,6,2,-1,0,21.0,0,0,0,0,1,0,0,0,0,1,1,1,0,1,1,0,1,1,1
1739.0,Low,0,8,7,6,2,-1,0,31.0,0,0,0,0,1,0,1,1,0,1,1,1,0,1,0,0,1,1,-1
1644.0,Low,0,1,1,5,1,-1,0,44.0,0,0,0,0,1,0,0,1,0,0,0,0,0,0,0,0,0,0,-1
2568.0,High,1,2,2,2,6,-1,0,26.0,0,0,0,0,1,0,1,1,0,0,0,0,0,1,0,0,1,0,-1
2101.0,High,1,1,6,1,3,-1,0,145.0,0,0,0,0,1,0,1,1,0,0,1,1,0,1,0,0,1,1,-1
1016.0,Low,0,4,1,8,7,-1,0,39.0,0,0,0,0,1,0,1,1,0,0,1,1,0,1,0,0,1,1,-1
1736.0,Low,0,3,1,1,1,-1,0,20.0,0,0,0,0,1,0,1,1,0,1,0,1,0,1,0,1,1,1,-1
1645.0,Low,0,12,1,0,1,-1,0,13.0,0,0,0,0,1,0,0,0,0,0,1,1,0,1,1,0,1,1,1
3622.0,High,1,9,1,12,6,0,0,81.0,0,0,0,0,1,0,1,1,0,0,1,1,0,1,1,0,1,1,1
1155.0,Low,0,7,4,8,1,0,0,37.0,0,0,0,0,1,0,0,0,0,0,0,0,0,1,1,0,0,0,1
1520.0,Low,0,3,8,0,1,0,0,42.0,0,0,0,0,1,0,0,0,0,1,1,0,0,0,1,1,0,0,1
1969.0,High,1,6,5,2,4,0,0,24.0,0,0,0,0,1,0,1,1,0,0,1,1,0,1,0,0,1,1,-1
697.0,Low,0,13,1,14,1,0,0,37.0,0,0,0,0,1,0,0,0,0,1,1,1,0,1,1,1,1,1,1
1219.0,Low,0,2,1,5,1,0,0,42.0,0,0,0,0,1,0,1,1,0,0,1,1,0,1,1,0,1,1,1
1645.0,Low,0,2,3,10,1,-1,0,55.0,0,0,0,0,1,0,1,1,0,0,1,1,0,1,0,0,0,0,-1
2264.0,High,1,8,2,13,1,0,0,50.0,0,0,0,0,1,0,0,0,0,1,1,0,0,0,0,0,0,0,-1
967.0,Low,0,5,1,1,2,0,0,28.0,0,0,0,0,1,0,1,1,0,0,0,0,0,0,0,0,0,0,-1
2702.0,High,1,9,2,5,2,0,0,107.0,0,0,0,0,1,0,1,1,0,1,1,1,0,1,1,1,1,1,1
1584.0,Low,0,4,2,1,1,-1,0,11.0,0,0,0,0,1,0,0,0,0,0,1,1,0,1,0,0,1,1,-1
1302.0,Low,0,1,2,6,4,-1,0,7.0,0,0,0,0,1,0,0,0,0,0,0,1,0,1,0,0,1,1,-1
670.0,Low,0,1,4,6,1,1,1,18.0,0,0,0,0,1,0,1,1,0,0,0,0,0,0,1,0,0,0,1
1249.0,Low,0,5,1,0,2,0,0,48.0,0,0,0,0,1,0,1,1,0,0,1,1,0,1,0,0,1,1,-1
1280.0,Low,0,1,3,3,1,-1,0,25.0,0,0,0,0,1,0,0,0,0,0,1,0,0,0,0,0,0,0,-1
761.0,Low,0,5,1,3,2,-1,0,20.0,0,0,0,0,1,0,1,1,0,0,0,0,0,0,0,0,0,0,-1
791.0,Low,0,9,1,1,2,-1,0,32.0,0,0,0,0,1,0,1,1,0,0,1,1,0,1,1,0,1,1,1
1335.0,Low,0,3,2,1,1,0,0,13.0,0,0,0,0,1,0,1,1,0,1,1,1,0,1,1,1,1,1,1
2434.0,High,1,5,1,3,1,-1,0,18.0,0,0,0,0,1,0,1,1,0,0,1,1,0,1,1,0,1,1,1
1021.0,Low,0,11,1,2,1,-1,0,9.0,0,0,0,0,1,0,0,0,0,1,1,1,0,1,1,1,1,1,1
2445.0,High,1,2,1,3,5,-1,0,15.0,0,0,0,0,1,0,1,1,0,0,1,1,0,1,0,0,1,1,-1
975.0,Low,0,4,2,8,1,-1,0,23.0,0,0,0,0,1,0,1,1,0,1,1,1,0,1,1,0,1,1,1
1399.0,Low,0,3,3,0,1,0,0,17.0,0,0,0,0,1,0,0,0,0,1,0,1,0,1,1,1,1,1,1
1169.0,Low,0,8,5,15,1,-1,0,35.0,0,0,0,0,1,0,0,1,0,1,1,1,0,1,1,0,1,1,1
2072.0,High,1,4,1,1,2,1,0,12.0,0,0,0,0,1,0,0,0,0,1,0,1,0,1,1,1,0,0,1
1288.0,Low,0,6,1,0,2,1,0,26.0,0,0,0,0,1,0,1,1,0,1,1,1,0,1,0,0,1,1,-1
730.0,Low,0,3,2,1,1,-1,0,6.0,0,0,0,0,1,0,0,0,0,1,0,1,0,1,1,1,1,1,1
3683.0,High,1,4,7,2,12,-1,0,38.0,0,0,0,0,1,0,1,1,0,0,1,1,0,1,1,0,1,1,1
1016.0,Low,0,14,6,12,4,0,0,30.0,0,0,0,0,1,0,1,1,0,1,1,1,0,1,1,1,0,0,1
4656.0,High,1,2,6,1,4,0,0,43.0,0,0,0,0,1,0,1,1,1,1,0,0,0,0,0,0,0,0,-1
695.0,Low,0,13,1,8,1,0,0,31.0,0,0,0,0,1,0,0,1,0,0,0,1,0,1,0,0,1,1,-1
2008.0,High,1,4,2,1,2,-1,0,23.0,0,0,0,0,1,0,1,1,0,0,1,0,0,0,0,0,0,0,-1
668.0,Low,0,5,1,1,2,0,0,32.0,0,0,0,0,1,0,1,1,0,1,1,1,0,1,1,1,1,1,1
812.0,Low,0,3,3,1,2,-1,0,20.0,0,0,0,0,1,0,1,1,0,0,1,1,0,1,1,0,1,1,1
852.0,Low,0,3,2,1,1,0,0,18.0,0,0,0,0,1,0,1,1,0,0,0,0,0,1,0,0,1,0,-1
338.0,Low,0,3,2,1,4,0,0,5.0,0,0,0,0,1,0,1,1,1,0,1,1,0,1,1,0,1,1,0
1095.0,Low,0,3,2,1,1,1,0,30.0,0,0,0,0,1,0,0,0,0,0,0,0,0,0,0,0,0,0,-1
2570.0,High,1,24,1,17,1,-1,0,51.0,0,0,0,0,1,0,0,0,0,1,1,1,0,1,1,1,0,0,1
2466.0,High,1,3,4,1,3,-1,0,50.0,0,0,0,0,1,0,1,1,0,0,1,0,0,0,1,0,0,0,1
1101.0,Low,0,13,1,1,2,0,0,32.0,0,0,0,0,1,0,0,0,0,0,1,1,0,1,1,0,1,1,1
2253.0,High,1,6,1,1,3,0,0,13.0,0,0,0,0,1,0,1,1,0,1,0,0,0,0,0,1,0,0,-1
1277.0,Low,0,2,1,2,2,-1,0,50.0,0,0,0,0,1,0,1,1,0,0,1,1,0,1,1,0,1,1,1
457.0,Low,0,1,2,25,3,0,0,20.0,0,0,0,0,1,0,1,1,0,0,0,0,0,0,1,0,0,0,1
1645.0,Low,0,6,1,5,1,-1,0,19.0,0,0,0,0,1,0,1,1,0,1,0,1,0,1,0,1,1,0,-1
2373.0,High,1,6,8,1,14,-1,0,9.0,0,0,0,0,1,0,1,1,0,0,1,1,0,1,0,0,1,1,-1
1734.0,Low,0,4,5,1,2,-1,0,48.0,0,0,0,0,1,0,1,1,0,0,1,1,0,1,0,0,1,1,-1
674.0,Low,0,24,3,9,2,0,0,39.0,0,0,0,0,1,0,0,1,0,0,0,1,0,1,0,0,1,1,-1
1644.0,Low,0,2,2,3,1,-1,0,25.0,0,0,0,0,1,0,0,0,0,1,1,1,0,1,1,1,1,1,1
2257.0,High,1,5,1,3,2,-1,0,26.0,0,0,0,0,0,0,0,0,0,0,0,1,0,1,0,0,1,1,-1
1400.0,Low,0,7,12,11,1,0,0,41.0,0,0,0,0,1,0,0,0,0,1,1,1,0,1,1,0,0,0,1
1186.0,Low,0,3,4,0,3,0,0,25.0,0,0,0,0,1,0,0,0,0,0,0,1,0,1,0,0,1,1,-1
1644.0,Low,0,4,1,3,2,0,0,42.0,0,0,0,0,1,0,0,1,0,0,0,0,0,0,0,0,0,0,-1
2071.0,High,1,6,1,3,14,0,0,28.0,0,0,0,0,1,0,1,1,0,1,1,0,0,0,0,1,0,0,-1
2482.0,High,1,4,8,1,8,-1,0,20.0,0,0,0,0,1,0,1,1,0,0,1,1,0,1,0,0,1,1,-1
1723.0,Low,0,4,4,2,9,-1,0,18.0,0,0,0,0,1,0,1,1,0,1,1,1,0,1,1,0,1,1,1
577.0,Low,0,5,1,9,3,0,0,52.0,0,0,0,0,1,0,1,1,0,1,0,1,0,1,0,0,1,1,-1
3179.0,High,1,3,7,3,6,-1,0,74.0,0,0,0,0,1,0,1,1,0,0,1,1,0,1,0,0,1,1,-1
3752.0,High,1,1,8,1,7,-1,0,60.0,0,0,0,0,1,0,1,1,0,0,1,1,0,1,0,0,1,1,-1
60.0,Low,0,13,4,1,2,1,0,20.0,0,0,0,0,1,0,0,0,0,1,1,1,0,1,1,0,1,1,1
973.0,Low,0,4,1,4,3,-1,0,45.0,0,0,0,0,1,0,1,1,0,1,0,1,0,1,0,1,1,1,-1
914.0,Low,0,3,1,1,4,0,0,32.0,0,0,0,0,1,0,1,1,0,0,0,0,0,1,1,0,1,0,1
2069.0,High,1,1,1,1,2,0,0,30.0,0,0,0,0,1,0,1,1,0,0,0,0,0,0,0,0,0,0,-1
1183.0,Low,0,5,1,1,5,1,0,10.0,0,0,0,0,0,0,1,1,0,0,1,1,0,1,1,0,1,1,1
1004.0,Low,0,6,1,2,2,0,0,45.0,0,0,0,0,1,0,1,1,0,0,0,0,0,0,1,0,0,0,1
1890.0,High,1,3,6,32,3,0,0,16.0,0,0,0,0,1,0,1,1,0,0,1,1,0,1,1,0,1,1,1
141.0,Low,0,26,2,1,2,-1,0,3.0,0,0,0,0,1,0,1,1,0,1,1,1,0,1,0,0,1,1,-1
1860.0,High,1,15,9,11,3,0,0,241.0,0,0,0,0,1,0,1,1,0,0,0,1,0,1,1,0,1,1,1
419.0,Low,0,5,2,1,2,-1,0,12.0,0,0,0,0,1,0,1,1,0,1,0,0,0,0,0,1,0,0,-1
929.0,Low,0,8,1,17,4,-1,0,38.0,0,0,0,0,1,0,1,1,0,1,1,1,0,1,1,1,1,1,1
882.0,Low,0,16,1,3,3,0,0,37.0,0,0,0,0,1,0,1,1,0,1,1,1,0,1,0,0,0,0,-1
1382.0,Low,0,8,4,1,14,-1,0,24.0,0,0,0,0,1,0,1,1,0,1,1,1,0,1,1,0,1,1,1
61.0,Low,0,14,1,1,2,0,0,6.0,0,0,0,0,1,0,0,0,0,0,0,0,0,1,0,0,1,0,-1
692.0,Low,0,19,1,0,2,-1,0,7.0,0,0,0,0,1,0,1,1,0,0,1,1,0,1,1,0,1,1,1
1204.0,Low,0,15,1,1,1,-1,0,27.0,0,0,0,0,1,0,0,0,0,0,1,1,0,1,0,0,1,1,-1
30.0,Low,0,15,1,1,3,0,0,2.0,0,0,0,0,1,0,1,1,0,0,1,1,0,1,1,0,0,0,1
1015.0,Low,0,9,2,5,1,-1,0,12.0,0,0,0,0,1,0,1,1,0,0,1,1,0,1,1,0,1,1,1
4991.0,High,1,18,1,2,1,-1,0,82.0,0,0,0,0,1,0,0,0,0,1,1,1,0,1,1,0,1,1,1
2861.0,High,1,4,1,5,1,-1,0,76.0,0,0,0,0,1,0,0,0,0,1,1,0,0,0,1,1,0,0,1
3471.0,High,1,3,2,2,5,-1,0,41.0,0,0,0,0,1,0,1,1,0,0,1,1,0,1,0,0,1,1,-1
724.0,Low,0,4,1,2,2,0,0,33.0,0,0,0,0,0,0,1,1,0,0,0,1,0,1,0,0,1,1,-1
741.0,Low,0,12,1,4,3,0,0,24.0,0,0,0,0,1,0,1,1,0,0,1,1,0,1,1,0,1,1,1
1000.0,Low,0,4,1,2,1,-1,0,50.0,0,0,0,0,1,0,1,1,0,1,1,0,0,0,1,1,0,0,1
878.0,Low,0,3,3,1,7,-1,0,9.0,0,0,0,0,1,0,1,1,0,1,0,1,0,1,0,1,1,1,-1
1552.0,Low,0,9,2,8,2,0,0,68.0,0,0,0,0,1,0,1,1,0,0,1,1,0,1,0,0,1,1,-1
3321.0,High,1,6,7,2,19,-1,0,58.0,0,0,0,0,1,0,1,1,0,1,1,1,0,1,0,1,1,1,-1
608.0,Low,0,10,1,3,3,-1,0,15.0,0,0,0,0,1,0,1,1,0,0,0,1,0,1,0,0,1,1,-1
1729.0,Low,0,9,1,1,13,-1,0,27.0,0,0,0,0,1,0,1,1,0,1,0,0,0,1,1,1,1,0,1
1962.0,High,1,6,3,1,17,-1,0,26.0,0,0,0,0,1,0,1,1,1,1,1,1,0,1,0,1,1,1,-1
2099.0,High,1,1,6,1,1,-1,0,50.0,0,0,0,0,1,0,0,0,0,0,0,1,0,1,1,0,1,1,1
1794.0,Low,0,8,1,4,1,-1,0,48.0,0,0,0,0,1,0,1,1,0,1,1,0,0,0,1,0,0,0,1
2513.0,High,1,13,2,1,1,-1,0,21.0,0,0,0,0,1,0,1,1,0,1,1,0,0,0,0,0,0,0,-1
1047.0,Low,0,18,1,2,2,-1,0,62.0,0,0,0,0,1,0,0,0,0,1,1,1,0,1,1,0,0,0,1
2765.0,High,1,13,7,7,3,0,0,53.0,0,0,0,0,1,0,0,0,0,1,1,1,0,1,1,1,1,1,1
1474.0,Low,0,6,1,2,1,-1,0,49.0,0,0,0,0,1,0,1,1,0,1,0,1,0,1,1,1,1,1,1
2011.0,High,1,4,4,1,11,-1,0,22.0,0,0,0,0,1,0,1,1,0,1,1,1,0,1,0,1,1,1,-1
2134.0,High,1,5,6,1,1,-1,0,22.0,0,0,0,0,1,0,1,1,0,0,1,1,0,1,0,0,1,1,-1
1352.0,Low,0,6,2,1,2,-1,0,14.0,0,0,0,0,1,0,1,1,0,0,1,1,0,1,1,0,1,1,1
3743.0,High,1,50,1,4,2,0,0,74.0,0,0,0,0,1,0,1,1,0,1,1,1,0,1,1,1,1,1,1
2673.0,High,1,6,2,2,1,0,0,37.0,0,0,0,0,1,0,1,1,0,1,1,1,0,1,1,1,1,1,1
8888.0,High,1,6,1,1,3,0,0,58.0,0,0,0,0,1,0,1,1,0,0,0,1,0,1,1,0,1,1,1
2187.0,High,1,21,1,0,2,0,0,36.0,0,0,0,0,1,0,0,1,0,1,1,1,0,1,1,1,1,1,1
488.0,Low,0,12,2,7,2,-1,0,13.0,0,0,0,0,0,0,0,0,0,0,0,1,0,1,1,0,1,1,1
638.0,Low,0,9,2,3,2,-1,0,9.0,0,0,0,0,1,0,1,1,0,1,1,1,0,1,1,1,1,1,1
1461.0,Low,0,2,1,1,1,-1,0,6.0,0,0,0,0,1,0,0,0,0,1,1,1,0,1,1,1,1,1,1
66.0,Low,0,4,4,1,1,0,0,59.0,0,0,0,0,0,0,1,1,0,0,0,0,0,0,1,0,0,0,1
71.0,Low,0,8,2,1,1,1,0,26.0,0,0,0,0,0,0,1,1,0,0,0,0,0,0,1,0,0,0,1
1861.0,High,1,7,9,8,10,-1,0,54.0,0,0,0,0,1,0,1,1,0,0,1,1,0,1,1,0,1,1,1
1400.0,Low,0,4,2,4,1,1,0,106.0,0,0,0,0,1,0,1,1,0,0,1,1,0,1,0,0,1,1,-1
1584.0,Low,0,12,3,4,3,0,0,89.0,0,0,0,0,1,0,1,1,0,1,0,1,0,1,1,1,1,1,1
821.0,Low,0,22,1,0,1,0,0,48.0,0,0,0,0,1,0,0,0,0,0,1,1,0,1,1,0,1,1,1
2222.0,High,1,1,6,1,1,-1,0,14.0,0,0,0,0,1,0,1,1,0,0,0,0,0,0,0,0,0,0,-1
1795.0,Low,0,9,1,6,1,-1,0,18.0,0,0,0,0,1,0,0,0,0,1,1,1,0,1,1,1,1,1,1
392.0,Low,0,12,5,0,1,-1,0,21.0,0,0,0,0,1,0,0,0,0,1,1,1,0,1,1,0,1,1,1
1553.0,Low,0,3,4,15,5,1,0,119.0,0,0,0,0,1,0,1,1,0,0,0,0,0,0,1,0,0,0,1
546.0,Low,0,2,3,20,46,-1,0,27.0,0,0,0,0,1,0,1,1,0,0,0,1,0,1,1,0,1,1,1
1706.0,Low,0,5,1,3,1,0,0,128.0,0,0,0,0,1,0,0,1,0,0,1,1,0,1,0,0,1,1,-1
1464.0,Low,0,5,1,3,4,-1,0,51.0,0,0,0,0,1,0,1,1,0,0,1,1,0,1,1,0,1,1,1
1096.0,Low,0,2,1,3,4,0,0,81.0,0,0,0,0,1,0,0,0,0,0,1,1,0,1,0,0,1,1,-1
1188.0,Low,0,6,3,10,2,0,0,35.0,0,0,0,0,1,0,1,1,0,1,1,1,0,1,1,0,1,1,1
1591.0,Low,0,3,1,10,2,-1,0,18.0,0,0,0,0,1,0,0,1,0,0,1,1,0,1,1,0,1,1,1
1486.0,Low,0,6,1,9,3,-1,0,64.0,0,0,0,0,1,0,1,1,0,0,1,1,0,1,1,0,1,1,1
2972.0,High,1,11,4,9,1,0,0,53.0,0,0,0,0,1,0,0,0,0,1,1,1,0,1,1,0,1,1,1
1370.0,Low,0,9,4,1,38,-1,0,43.0,0,0,0,0,1,0,1,1,1,1,1,1,0,1,1,1,1,1,1
4161.0,High,1,7,3,6,2,0,0,30.0,0,0,0,0,1,0,1,1,0,0,0,0,0,0,1,0,0,0,1
1036.0,Low,0,6,6,1,1,0,0,30.0,0,0,0,0,1,0,0,0,0,1,1,1,0,1,0,0,1,1,-1
1066.0,Low,0,4,1,0,6,-1,0,39.0,0,0,0,0,0,0,0,0,0,0,0,0,0,0,0,0,0,0,-1
2440.0,High,1,4,4,1,67,0,0,44.0,0,0,0,0,1,0,1,1,0,1,0,0,0,0,0,1,0,0,-1
5361.0,High,1,3,1,3,3,-1,0,29.0,0,0,0,0,1,0,1,1,0,0,1,0,0,0,0,0,0,0,-1
914.0,Low,0,1,1,12,1,-1,0,6.0,0,0,0,0,1,0,1,1,0,1,0,0,0,0,0,1,0,0,-1
890.0,Low,0,13,2,0,4,0,0,19.0,0,0,0,0,1,0,0,0,0,1,0,1,0,1,1,1,1,1,1
3022.0,High,1,41,1,0,13,0,1,58.0,0,0,0,0,1,0,1,1,0,1,1,1,0,1,0,1,1,1,-1
2469.0,High,1,17,1,7,3,0,0,175.0,0,0,0,0,1,0,0,1,0,0,1,1,0,1,0,0,1,1,-1
2936.0,High,1,6,2,2,17,-1,0,16.0,0,0,0,0,1,0,1,1,0,0,0,1,0,1,0,0,1,1,-1
1035.0,Low,0,2,1,5,6,0,0,7.0,0,0,0,0,1,0,1,1,0,1,0,1,0,1,0,1,1,1,-1
1944.0,High,1,4,4,1,2,0,0,25.0,0,0,0,0,1,0,0,0,0,0,1,1,0,1,1,0,1,1,1
652.0,Low,0,23,1,2,2,-1,0,20.0,0,0,0,0,1,0,0,0,0,1,1,1,0,1,1,1,1,1,1
851.0,Low,0,4,1,3,2,0,0,55.0,0,0,0,0,1,0,0,0,0,0,1,1,0,1,0,0,0,0,-1
1167.0,Low,0,8,14,1,3,0,0,8.0,0,0,0,0,1,0,1,1,0,0,1,0,0,0,0,0,0,0,-1
1765.0,Low,0,5,3,1,2,0,0,61.0,0,0,0,0,1,0,1,1,0,0,1,1,0,1,0,0,1,1,-1
2173.0,High,1,6,4,5,35,-1,0,34.0,0,0,0,0,1,0,1,1,1,0,1,1,0,1,1,0,1,1,1
1461.0,Low,0,9,7,1,34,-1,0,20.0,0,0,0,0,1,0,1,1,0,0,1,1,0,1,1,0,1,1,1
1053.0,Low,0,7,2,1,2,-1,0,6.0,0,0,0,0,1,0,1,1,0,0,0,0,0,0,0,0,0,0,-1
1683.0,Low,0,11,8,1,4,-1,0,28.0,0,0,0,0,1,0,1,1,0,0,0,0,0,0,1,0,0,0,1
304.0,Low,0,4,2,0,1,1,1,87.0,0,0,0,0,1,0,0,0,0,0,0,0,0,0,1,0,0,0,1
973.0,Low,0,11,2,70,1,1,0,66.0,0,0,0,0,1,0,0,1,0,1,0,0,0,0,0,0,0,0,-1
1186.0,Low,0,6,1,11,1,-1,0,11.0,0,0,0,0,1,0,0,0,0,0,0,1,0,1,1,0,1,1,1
675.0,Low,0,5,1,1,1,-1,0,6.0,0,0,0,0,1,0,0,0,0,1,1,0,0,0,0,1,0,0,-1
426.0,Low,0,3,1,0,1,-1,0,15.0,0,0,0,0,1,0,0,0,0,1,0,1,0,1,1,1,0,0,1
2094.0,High,1,8,2,11,3,0,0,237.0,0,0,0,0,1,0,0,1,0,0,0,1,0,1,0,0,0,0,-1
2471.0,High,1,10,3,40,2,0,0,138.0,0,0,0,0,1,0,1,1,0,1,1,1,0,1,1,1,1,1,1
1157.0,Low,0,6,1,0,1,0,0,38.0,0,0,0,0,1,0,0,1,0,1,0,1,0,1,0,1,1,1,-1
2343.0,High,1,1,1,1,2,0,0,20.0,0,0,0,0,1,0,0,0,0,0,0,0,0,0,0,0,0,0,-1
882.0,Low,0,6,5,6,5,0,0,73.0,0,0,0,0,1,0,1,1,0,1,0,0,0,0,1,0,0,0,1
549.0,Low,0,3,1,0,1,1,0,10.0,0,0,0,0,1,0,0,1,0,1,0,1,0,1,0,0,1,1,-1
2039.0,High,1,8,7,6,1,-1,0,18.0,0,0,0,0,1,0,1,1,0,0,0,0,0,1,0,0,1,0,-1
936.0,Low,0,20,3,13,1,1,0,32.0,0,0,0,0,1,0,1,1,0,1,0,1,0,1,0,1,1,1,-1
6970.0,High,1,4,15,5,14,-1,0,76.0,0,0,0,0,1,0,1,1,0,0,1,1,0,1,1,0,1,1,1
274.0,Low,0,1,1,1,3,0,0,18.0,0,0,0,0,1,0,1,1,0,0,0,0,0,0,0,0,0,0,-1
1286.0,Low,0,3,2,1,8,-1,0,20.0,0,0,0,0,1,0,1,1,0,1,1,1,0,1,1,0,1,1,1
2071.0,High,1,5,1,0,1,0,0,121.0,0,0,0,0,1,0,1,1,0,1,0,1,0,1,0,1,1,1,-1
2495.0,High,1,5,1,5,3,0,0,85.0,0,0,0,0,1,0,1,1,0,0,1,1,0,1,1,0,1,1,1
2103.0,High,1,1,1,1,3,0,0,33.0,0,0,0,0,1,0,1,1,0,0,1,1,0,1,1,0,1,1,1
914.0,Low,0,10,1,0,3,0,0,46.0,0,0,0,0,1,0,0,0,0,0,1,0,0,0,0,0,0,0,-1
2860.0,High,1,0,1,1,3,-1,1,30.0,0,0,0,0,1,0,1,1,1,0,0,0,0,0,0,0,0,0,-1
756.0,Low,0,4,11,1,6,-1,0,10.0,0,0,0,0,1,0,1,1,0,0,1,1,0,1,1,0,1,1,1
883.0,Low,0,2,1,1,3,-1,0,29.0,0,0,0,0,1,0,1,1,0,0,1,1,0,1,0,0,1,1,-1
5113.0,High,1,0,1,1,3,-1,1,65.0,0,0,0,0,1,0,1,1,1,0,0,0,0,0,0,0,0,0,-1
3064.0,High,1,4,3,0,6,0,0,400.0,0,0,0,0,1,0,0,1,0,0,0,1,0,1,1,0,1,1,1
1797.0,Low,0,4,3,1,5,-1,0,46.0,0,0,0,0,1,0,1,1,0,0,0,1,0,1,0,0,1,1,-1
1817.0,High,1,10,1,2,1,-1,0,18.0,0,0,0,0,1,0,1,1,0,0,1,1,0,1,1,0,1,1,1
1278.0,Low,0,4,1,4,2,-1,0,30.0,0,0,0,0,1,0,0,0,0,0,0,1,0,1,1,0,1,1,1
945.0,Low,0,7,3,1,12,-1,0,8.0,0,0,0,0,1,0,1,1,0,0,1,1,0,1,1,0,1,1,1
1583.0,Low,0,6,1,0,1,0,0,60.0,0,0,0,0,1,0,0,0,0,1,0,1,0,1,0,1,1,1,-1
2011.0,High,1,0,3,1,3,-1,0,5.0,0,0,0,0,1,0,1,1,1,0,0,0,0,0,0,0,0,0,-1
1520.0,Low,0,2,1,1,1,-1,1,33.0,0,0,0,0,1,0,1,1,1,0,1,1,0,1,1,0,1,1,0
2092.0,High,1,20,4,28,1,0,0,114.0,0,0,0,0,1,0,0,1,0,1,1,1,0,1,1,1,1,1,1
518.0,Low,0,5,1,1,1,-1,0,22.0,0,0,0,0,1,0,0,0,0,0,1,1,0,1,1,0,1,1,0
4243.0,High,1,13,9,35,16,1,0,107.0,0,0,0,0,1,0,1,1,1,1,1,1,0,1,1,1,1,1,1
2119.0,High,1,8,4,1,1,-1,0,10.0,0,0,0,0,1,0,0,0,0,1,0,0,0,1,1,1,1,0,1
3836.0,High,1,6,3,5,13,-1,0,93.0,0,0,0,0,1,0,1,1,1,0,1,1,0,1,0,0,1,1,-1
1887.0,High,1,2,1,1,3,-1,0,32.0,0,0,0,0,1,0,1,1,0,0,1,1,0,1,0,0,1,1,-1
2464.0,High,1,5,3,1,2,0,0,40.0,0,0,0,0,1,0,1,1,0,0,1,0,0,0,0,0,0,0,-1
3697.0,High,1,7,4,3,28,-1,0,124.0,0,0,0,0,1,0,1,1,0,1,1,1,0,1,0,1,1,1,-1
618.0,Low,0,2,1,1,1,-1,0,5.0,0,0,0,0,1,0,0,0,0,1,1,0,0,0,1,1,0,0,1
639.0,Low,0,5,4,1,81,-1,0,36.0,0,0,0,0,1,0,1,1,1,0,0,1,0,1,0,0,1,1,-1
1544.0,Low,0,2,3,6,2,0,0,48.0,0,0,0,0,1,0,1,1,0,1,0,1,0,1,1,1,1,1,1
6058.0,High,1,3,2,1,2,-1,0,87.0,0,0,0,0,1,0,1,1,1,1,1,1,0,1,1,0,1,1,1
1246.0,Low,0,4,1,9,2,0,0,66.0,0,0,0,0,1,0,1,1,0,1,0,1,0,1,0,1,1,1,-1
1131.0,Low,0,17,1,5,3,0,0,39.0,0,0,0,0,1,0,1,1,0,1,1,0,0,0,1,1,0,0,1
611.0,Low,0,6,3,3,1,-1,0,24.0,0,0,0,0,1,0,0,0,0,1,1,1,0,1,1,0,1,1,1
1378.0,Low,0,13,2,4,6,0,0,49.0,0,0,0,0,1,0,1,1,0,1,1,1,0,1,1,1,1,1,1
3713.0,High,1,2,1,1,2,-1,0,35.0,0,0,0,0,0,0,1,1,0,0,0,0,0,0,0,0,0,0,-1
1218.0,Low,0,5,1,5,3,-1,0,33.0,0,0,0,0,1,0,1,1,0,1,0,0,0,0,1,1,0,0,1
609.0,Low,0,2,1,1,4,-1,0,22.0,0,0,0,0,1,0,1,1,0,0,0,1,0,1,0,0,1,1,-1
2404.0,High,1,10,8,1,5,0,0,127.0,0,0,0,0,1,0,1,1,0,1,1,1,0,1,0,1,1,1,-1
425.0,Low,0,2,1,3,1,-1,0,6.0,0,0,0,0,1,0,0,0,0,0,1,0,0,0,0,0,0,0,-1
608.0,Low,0,7,1,0,2,-1,0,16.0,0,0,0,0,1,0,0,0,0,0,1,1,0,1,1,0,1,1,1
2865.0,High,1,7,1,1,13,0,0,204.0,0,0,0,0,1,0,1,1,0,0,0,1,0,1,0,0,1,1,-1
762.0,Low,0,1,3,6,1,-1,0,12.0,0,0,0,0,1,0,1,1,0,0,0,0,0,0,0,0,0,0,-1
2679.0,High,1,4,1,1,4,-1,0,8.0,0,0,0,0,1,0,0,0,0,0,1,1,0,1,1,0,1,1,1
457.0,Low,0,10,1,1,1,-1,0,6.0,0,0,0,0,1,0,0,0,0,1,1,1,0,1,1,1,1,1,1
241.0,Low,0,9,1,1,1,-1,0,20.0,0,0,0,0,1,0,0,0,0,1,0,0,0,1,1,1,1,0,1
769.0,Low,0,3,1,1,1,-1,0,15.0,0,0,0,0,1,0,0,0,0,0,1,1,0,1,0,0,1,1,-1
462.0,Low,0,11,1,1,2,-1,0,13.0,0,0,0,0,1,0,0,0,0,1,1,1,0,1,1,1,1,1,1
1095.0,Low,0,12,6,2,4,-1,0,4.0,0,0,0,0,1,0,0,0,0,0,1,1,0,1,1,0,1,0,0
1075.0,Low,0,9,3,1,4,0,0,8.0,0,0,0,0,1,0,1,1,1,1,1,1,0,1,1,1,1,1,1
1050.0,Low,0,2,4,3,1,0,0,13.0,0,0,0,0,1,0,0,0,0,1,0,0,0,0,1,1,0,0,1
972.0,Low,0,4,7,1,3,-1,0,26.0,0,0,0,0,1,0,1,1,1,0,1,1,0,1,1,0,1,1,1
697.0,Low,0,11,1,0,2,0,0,36.0,0,0,0,0,1,0,1,1,0,1,1,1,0,1,1,0,1,1,1
3318.0,High,1,2,2,3,3,0,0,67.0,0,0,0,0,1,0,1,1,0,0,1,1,0,1,1,0,0,0,1
2496.0,High,1,2,2,1,2,-1,0,36.0,0,0,0,0,1,0,1,1,0,0,1,0,0,1,0,0,1,0,-1
1338.0,Low,0,2,1,5,2,-1,0,16.0,0,0,0,0,1,0,1,1,0,1,1,1,0,1,0,0,1,1,-1
2737.0,High,1,10,1,15,1,-1,0,143.0,0,0,0,0,1,0,0,1,0,1,1,1,0,1,0,1,1,1,-1
2293.0,High,1,21,5,66,2,0,0,106.0,0,0,0,0,1,0,0,1,0,1,1,1,0,1,1,1,1,1,1
2965.0,High,1,4,1,3,4,0,0,33.0,0,0,0,0,1,0,1,1,1,0,0,0,0,1,0,0,1,0,-1
730.0,Low,0,13,2,0,2,-1,0,24.0,0,0,0,0,0,0,1,1,0,1,0,1,0,1,1,0,1,1,1
1083.0,Low,0,11,3,15,2,-1,0,69.0,0,0,0,0,1,0,1,1,0,1,1,1,0,1,1,1,1,1,1
1979.0,High,1,4,4,5,4,-1,0,34.0,0,0,0,0,1,0,1,1,0,0,1,1,0,1,0,0,1,1,-1
851.0,Low,0,5,1,9,2,-1,0,58.0,0,0,0,0,1,0,1,1,0,1,0,1,0,1,1,1,1,1,1
2009.0,High,1,1,1,1,2,-1,0,87.0,0,0,0,0,0,0,1,1,0,0,0,0,0,0,0,0,0,0,-1
457.0,Low,0,4,3,5,9,0,0,18.0,0,0,0,0,1,0,1,1,0,0,1,1,0,1,1,0,1,1,1
3273.0,High,1,10,1,10,2,0,0,222.0,0,0,0,0,1,0,1,1,0,1,1,1,0,1,1,1,1,1,1
2617.0,High,1,5,3,17,1,-1,0,26.0,0,0,0,0,1,0,1,1,0,0,1,1,0,1,0,0,1,1,-1
833.0,Low,0,10,7,1,1,0,1,29.0,0,0,0,0,0,0,0,0,0,0,1,1,0,1,1,0,1,1,1
1957.0,High,1,4,3,7,3,1,0,32.0,0,0,0,0,1,0,1,1,1,0,0,1,0,1,1,0,1,1,1
1337.0,Low,0,27,2,16,2,0,0,95.0,0,0,0,0,1,0,0,1,0,0,1,1,0,1,0,0,0,0,-1
1643.0,Low,0,1,1,7,2,-1,0,49.0,0,0,0,0,1,0,1,1,0,0,0,1,0,1,0,0,1,1,-1
3620.0,High,1,10,2,6,2,-1,0,49.0,0,0,0,0,1,0,1,1,0,1,1,1,0,1,1,1,1,1,1
1169.0,Low,0,7,4,1,6,-1,0,15.0,0,0,0,0,1,0,1,1,0,1,1,1,0,1,1,0,1,1,1
1612.0,Low,0,2,2,0,1,-1,0,91.0,0,0,0,0,1,0,1,1,0,0,0,1,0,1,0,0,1,1,-1
3103.0,High,1,6,2,4,51,-1,0,80.0,0,0,0,0,1,0,0,0,1,0,1,1,0,1,1,0,1,1,1
2282.0,High,1,23,10,5,2,-1,0,57.0,0,0,0,0,1,0,1,1,0,1,1,1,0,1,1,1,1,1,1
1113.0,Low,0,21,5,8,2,0,0,23.0,0,0,0,0,1,0,1,1,0,1,1,1,0,1,1,1,1,1,1
2488.0,High,1,4,3,1,5,-1,0,11.0,0,0,0,0,0,0,1,1,0,0,0,0,0,0,0,0,0,0,-1
953.0,Low,0,7,2,0,3,0,0,45.0,0,0,0,0,1,0,0,0,0,0,0,1,0,1,1,0,1,1,1
2771.0,High,1,4,1,3,1,-1,0,75.0,0,0,0,0,1,0,1,1,0,0,1,1,0,1,1,0,1,1,0
365.0,Low,0,1,2,0,2,-1,0,5.0,0,0,0,0,1,0,0,0,0,0,0,0,0,0,0,0,0,0,-1
1219.0,Low,0,2,1,5,2,0,0,46.0,0,0,0,0,1,0,1,1,0,0,1,1,0,1,1,0,1,1,1
959.0,Low,0,6,2,2,4,-1,0,3.0,0,0,0,0,1,0,1,1,0,1,1,1,0,1,1,1,1,1,1
2068.0,High,1,6,4,1,2,0,0,28.0,0,0,0,0,1,0,1,1,0,0,1,1,0,1,0,0,1,1,-1
943.0,Low,0,1,3,9,2,1,0,61.0,0,0,0,0,1,0,0,0,0,0,0,1,0,1,0,0,1,1,-1
2885.0,High,1,4,1,1,2,-1,0,73.0,0,0,0,0,1,0,1,1,0,1,1,0,0,0,0,1,0,0,-1
731.0,Low,0,0,2,1,2,-1,1,40.0,0,0,0,0,1,0,1,1,0,0,0,0,0,0,0,0,0,0,-1
1338.0,Low,0,3,1,1,2,0,0,16.0,0,0,0,0,1,0,1,1,0,0,1,1,0,1,1,0,1,1,1
1308.0,Low,0,4,1,4,2,0,0,30.0,0,0,0,0,1,0,1,1,0,0,1,1,0,1,0,0,1,1,-1
2237.0,High,1,2,1,1,23,0,0,26.0,0,0,0,0,1,0,1,1,0,0,0,0,0,0,0,0,0,0,-1
943.0,Low,0,2,2,1,1,-1,0,52.0,0,0,0,0,1,0,0,0,0,0,0,1,0,1,0,0,1,1,-1
2130.0,High,1,3,2,23,85,-1,0,80.0,0,0,0,0,1,0,1,1,1,0,1,1,0,1,1,0,1,1,1
457.0,Low,0,4,1,1,3,0,0,45.0,0,0,0,0,1,0,1,1,0,0,1,1,0,1,1,0,1,1,0
1035.0,Low,0,3,1,1,23,-1,0,100.0,0,0,0,0,1,0,0,0,0,1,0,0,0,1,0,1,1,0,-1
2664.0,High,1,9,2,0,5,0,0,260.0,0,0,0,0,1,0,1,1,0,0,1,1,0,1,1,0,1,1,1
975.0,Low,0,5,1,4,3,0,0,48.0,0,0,0,0,1,0,1,1,0,0,1,1,0,1,1,0,1,1,0
694.0,Low,0,2,2,18,2,-1,0,66.0,0,0,0,0,1,0,1,1,0,1,1,1,0,1,0,1,1,1,-1
812.0,Low,0,16,5,0,1,-1,0,33.0,0,0,0,0,1,0,1,1,0,1,1,1,0,1,1,0,1,1,1
1704.0,Low,0,3,1,0,2,0,0,10.0,0,0,0,0,1,0,0,0,0,1,0,0,0,0,1,1,0,0,1
1242.0,Low,0,4,1,6,2,0,0,90.0,0,0,0,0,1,0,0,0,0,1,1,1,0,1,1,1,1,0,1
2718.0,High,1,1,1,1,2,-1,0,81.0,0,0,0,0,1,0,1,1,0,1,0,0,0,0,0,1,0,0,-1
4362.0,High,1,4,2,2,2,0,0,103.0,0,0,0,0,1,0,1,1,0,1,1,1,0,1,1,1,1,1,1
851.0,Low,0,1,1,4,1,-1,0,23.0,0,0,0,0,1,0,1,1,0,0,1,1,0,1,1,0,1,1,1
2374.0,High,1,0,1,1,3,-1,1,40.0,0,0,0,0,1,0,1,1,0,0,0,0,0,0,0,0,0,0,-1
884.0,Low,0,2,3,23,5,-1,0,34.0,0,0,0,0,1,0,1,1,0,0,1,1,0,1,0,0,1,1,-1
1247.0,Low,0,3,5,1,2,-1,0,16.0,0,0,0,0,1,0,1,1,0,0,1,1,0,1,1,0,1,1,1
2616.0,High,1,3,1,2,6,-1,0,15.0,0,0,0,0,1,0,0,0,0,1,1,1,0,1,1,1,1,1,1
3516.0,High,1,9,1,25,2,-1,0,317.0,0,0,0,0,1,0,0,0,0,0,1,1,0,1,1,0,1,1,1
1280.0,Low,0,3,4,2,2,-1,0,11.0,0,0,0,0,1,0,1,1,0,0,1,1,0,1,0,0,1,1,-1
6057.0,High,1,3,9,2,4,0,0,74.0,0,0,0,0,1,0,1,1,0,0,1,1,0,1,0,0,1,0,-1
3957.0,High,1,0,1,1,2,-1,1,30.0,0,0,0,0,1,0,1,1,1,0,0,0,0,0,0,0,0,0,-1
821.0,Low,0,3,4,1,4,0,0,6.0,0,0,0,0,1,0,0,0,0,0,0,0,0,1,0,0,1,0,-1
944.0,Low,0,1,1,3,4,-1,0,92.0,0,0,0,0,1,0,1,1,0,0,0,1,0,1,0,0,1,1,-1
839.0,Low,0,7,1,1,4,-1,0,18.0,0,0,0,0,1,0,1,1,0,1,0,1,0,1,1,1,1,1,1
4902.0,High,1,4,7,26,2,0,0,60.0,0,0,0,0,1,0,1,1,0,0,1,1,0,1,0,0,1,1,-1
2197.0,High,1,7,2,2,2,-1,0,34.0,0,0,0,0,1,0,0,0,0,0,1,1,0,1,1,0,1,1,1
1074.0,Low,0,5,1,2,1,-1,0,30.0,0,0,0,0,1,0,0,0,0,1,1,1,0,1,1,1,1,1,1
2557.0,High,1,2,2,6,2,-1,0,66.0,0,0,0,0,1,0,1,1,0,0,1,1,0,1,0,0,1,1,-1
4291.0,High,1,0,2,2,9,-1,1,70.0,0,0,0,0,1,0,1,1,0,0,0,0,0,0,0,0,0,0,-1
1522.0,Low,0,3,1,23,3,-1,0,78.0,0,0,0,0,1,0,1,1,0,0,0,1,0,1,0,0,1,1,-1
1887.0,High,1,4,1,5,3,0,0,59.0,0,0,0,0,1,0,0,0,0,0,1,1,0,1,1,0,1,0,1
1608.0,Low,0,8,2,1,5,0,0,11.0,0,0,0,0,1,0,1,1,1,1,1,1,0,1,1,1,1,1,1
1373.0,Low,0,6,9,5,3,0,0,17.0,0,0,0,0,1,0,1,1,0,0,0,1,0,1,0,0,1,1,-1
2131.0,High,1,1,2,1,4,-1,0,104.0,0,0,0,0,1,0,1,1,0,0,1,1,0,1,0,0,1,1,-1
1156.0,Low,0,3,1,1,2,-1,0,15.0,0,0,0,0,1,0,0,0,0,0,0,0,0,0,0,0,0,0,-1
2118.0,High,1,2,3,6,2,0,0,160.0,0,0,0,0,1,0,1,1,0,1,1,1,0,1,0,1,1,1,-1
1254.0,Low,0,26,1,2,1,-1,0,7.0,0,0,0,0,1,0,0,0,0,1,1,1,0,1,1,0,1,0,1
1337.0,Low,0,4,2,2,2,0,0,8.0,0,0,0,0,1,0,1,1,0,1,0,0,0,0,0,1,0,0,-1
6025.0,High,1,2,1,2,4,-1,0,62.0,0,0,0,0,1,0,0,0,0,0,1,1,0,1,1,0,1,1,1
1857.0,High,1,5,2,1,1,0,0,30.0,0,0,0,0,1,0,1,1,0,1,1,1,0,1,0,1,1,1,-1
3196.0,High,1,0,1,1,4,-1,1,85.0,0,0,0,0,1,0,1,1,1,0,0,0,0,0,0,0,0,0,-1
823.0,Low,0,4,3,5,3,0,0,23.0,0,0,0,0,1,0,0,1,0,0,0,1,0,1,0,0,0,0,-1
853.0,Low,0,1,1,3,2,-1,0,27.0,0,0,0,0,1,0,1,1,0,0,0,1,0,1,0,0,1,1,-1
1701.0,Low,0,20,1,19,5,0,0,66.0,0,0,0,0,1,0,1,1,0,1,0,1,0,1,1,1,0,0,1
3050.0,High,1,1,1,1,2,-1,0,23.0,0,0,0,0,1,0,1,1,0,0,1,1,0,1,1,0,1,1,1
2912.0,High,1,4,1,2,6,-1,0,37.0,0,0,0,0,1,0,1,1,0,0,0,1,0,1,0,0,1,1,-1
1004.0,Low,0,7,1,3,3,0,0,12.0,0,0,0,0,1,0,1,1,0,0,0,0,0,0,0,0,0,0,-1
2192.0,High,1,9,1,2,4,0,0,21.0,0,0,0,0,1,0,1,1,0,0,1,0,0,1,0,0,1,0,-1
2465.0,High,1,0,1,1,4,-1,1,51.0,0,0,0,0,1,0,1,1,1,0,0,0,0,0,0,0,0,0,-1
1364.0,Low,0,11,1,5,8,-1,0,49.0,0,0,0,0,1,0,1,1,0,1,1,1,0,1,1,1,1,1,1
1735.0,Low,0,4,1,1,34,-1,0,16.0,0,0,0,0,1,0,1,1,0,0,0,1,0,1,0,0,1,1,-1
3897.0,High,1,0,3,1,2,-1,1,25.0,0,0,0,0,1,0,1,1,0,0,0,0,0,0,0,0,0,0,-1
2160.0,High,1,4,1,1,3,-1,0,43.0,0,0,0,0,1,0,1,1,0,0,1,1,0,1,1,0,1,1,1
2131.0,High,1,0,3,1,10,-1,1,108.0,0,0,0,0,1,0,1,1,0,0,0,0,0,0,0,0,0,0,-1
3004.0,High,1,7,1,10,1,-1,0,24.0,0,0,0,0,1,0,1,1,0,1,1,1,0,1,1,0,1,1,1
1187.0,Low,0,8,1,3,2,0,0,24.0,0,0,0,0,1,0,1,1,0,0,1,1,0,1,1,0,1,1,1
1521.0,Low,0,2,1,7,2,-1,0,96.0,0,0,0,0,1,0,1,1,0,0,0,0,0,0,0,0,0,0,-1
1230.0,Low,0,3,7,0,3,0,0,81.0,0,0,0,0,1,0,0,0,0,0,0,1,0,1,1,0,1,1,1
1239.0,Low,0,12,4,5,3,0,0,14.0,0,0,0,0,1,0,0,0,0,0,0,1,0,1,1,0,1,1,1
3599.0,High,1,7,1,3,1,-1,0,28.0,0,0,0,0,1,0,1,1,0,1,1,0,0,0,1,0,0,0,1
524.0,Low,0,9,1,1,1,-1,0,4.0,0,0,0,0,1,0,1,1,0,1,1,1,0,1,1,1,1,1,1
6756.0,High,1,3,1,2,3,-1,0,13.0,0,0,0,0,1,0,1,1,0,1,1,1,0,1,1,1,1,1,1
3388.0,High,1,9,4,28,6,-1,0,122.0,0,0,0,0,1,0,1,1,0,1,1,1,0,1,1,1,1,1,1
1849.0,High,1,6,1,10,1,-1,0,50.0,0,0,0,0,1,0,0,0,0,0,1,1,0,1,1,0,1,1,1
1446.0,Low,0,2,1,1,3,-1,0,28.0,0,0,0,0,1,0,0,0,0,0,0,0,0,0,0,0,0,0,-1
546.0,Low,0,13,1,18,2,-1,0,23.0,0,0,0,0,1,0,1,1,0,1,1,1,0,1,1,1,1,1,1
2801.0,High,1,46,3,42,7,0,0,190.0,0,0,0,0,1,0,1,1,0,1,1,1,0,1,1,1,1,1,1
99.0,Low,0,31,1,1,3,-1,0,5.0,0,0,0,0,1,0,0,0,0,0,1,1,0,1,1,0,1,1,1
608.0,Low,0,7,1,1,39,1,0,70.0,0,0,0,0,1,0,1,1,0,0,0,0,0,0,0,0,0,0,-1
2188.0,High,1,15,2,27,1,-1,0,145.0,0,0,0,0,1,0,1,1,0,1,0,1,0,1,1,1,1,1,1
1959.0,High,1,12,4,19,1,-1,0,53.0,0,0,0,0,1,0,0,0,0,1,1,1,0,1,0,0,1,1,-1
1095.0,Low,0,1,2,1,7,0,0,35.0,0,0,0,0,1,0,1,1,0,0,0,0,0,1,1,0,1,0,1
1553.0,Low,0,4,1,2,5,-1,0,6.0,0,0,0,0,1,0,1,1,0,0,1,1,0,1,1,0,1,1,1
716.0,Low,0,2,3,1,42,-1,0,17.0,0,0,0,0,1,0,1,1,1,0,0,0,0,0,0,0,0,0,-1
1214.0,Low,0,7,1,15,1,-1,0,107.0,0,0,0,0,1,0,0,0,0,1,1,1,0,1,0,1,1,1,-1
2649.0,High,1,7,1,2,5,-1,0,29.0,0,0,0,0,0,0,0,0,0,0,1,1,0,1,0,0,1,1,-1
820.0,Low,0,7,1,6,2,0,0,33.0,0,0,0,0,1,0,1,1,0,0,0,1,0,1,0,0,1,1,-1
1156.0,Low,0,1,1,1,2,0,0,30.0,0,0,0,0,1,0,1,1,0,0,0,0,0,0,0,0,0,0,-1
365.0,Low,0,2,2,0,2,0,0,12.0,0,0,0,0,1,0,0,0,0,0,0,0,0,0,0,0,0,0,-1
1067.0,Low,0,3,4,1,5,-1,1,18.0,0,0,0,0,1,0,1,1,0,0,1,1,0,1,0,0,1,1,-1
2730.0,High,1,5,7,1,13,-1,0,23.0,0,0,0,0,1,0,1,1,0,0,1,0,0,0,0,0,0,0,-1
2130.0,High,1,0,1,1,4,-1,1,35.0,0,0,0,0,1,0,1,1,1,0,0,0,0,0,0,0,0,0,-1
1035.0,Low,0,4,3,1,3,-1,0,23.0,0,0,0,0,1,0,1,1,0,0,0,1,0,1,0,0,0,0,-1
1917.0,High,1,3,1,6,5,-1,0,46.0,0,0,0,0,1,0,1,1,0,1,1,0,0,0,1,1,0,0,1
1340.0,Low,0,6,1,3,1,0,0,35.0,0,0,0,0,1,0,1,1,0,0,1,1,0,1,0,0,1,1,-1
2557.0,High,1,0,4,1,3,-1,1,24.0,0,0,0,0,1,0,1,1,0,0,0,0,0,0,0,0,0,0,-1
560.0,Low,0,8,1,1,1,-1,0,2.0,0,0,0,0,1,0,0,0,0,1,0,0,0,0,1,1,0,0,1
1587.0,Low,0,2,6,1,1,0,0,8.0,0,0,0,0,1,0,1,1,0,0,1,1,0,1,1,0,1,1,1
2161.0,High,1,9,1,0,3,0,0,67.0,0,0,0,0,1,0,1,1,0,1,1,0,0,0,0,1,0,0,-1
748.0,Low,0,12,6,1,6,-1,0,7.0,0,0,0,0,1,0,1,1,0,0,1,0,0,0,1,0,0,0,1
423.0,Low,0,5,1,3,4,-1,0,15.0,0,0,0,0,0,0,1,1,0,1,0,1,0,1,1,1,1,1,1
3122.0,High,1,7,8,3,16,-1,0,41.0,0,0,0,0,1,0,1,1,0,1,1,0,0,1,0,1,1,0,-1
909.0,Low,0,8,2,15,1,-1,0,31.0,0,0,0,0,1,0,0,1,0,0,1,1,0,1,1,0,1,1,1
639.0,Low,0,8,1,1,1,-1,0,82.0,0,0,0,0,1,0,0,0,0,1,1,1,0,1,1,1,1,1,1
1521.0,Low,0,11,1,24,1,0,0,124.0,0,0,0,0,1,0,0,1,0,1,1,1,0,1,1,1,1,1,1
1802.0,Low,0,5,1,2,2,-1,0,35.0,0,0,0,0,1,0,0,0,0,1,1,1,0,1,0,1,1,1,-1
1461.0,Low,0,1,3,2,3,-1,0,4.0,0,0,0,0,1,0,1,1,0,0,1,1,0,1,1,0,1,1,1
915.0,Low,0,4,1,3,1,0,0,40.0,0,0,0,0,1,0,1,1,0,0,0,0,0,0,0,0,0,0,-1
760.0,Low,0,2,4,1,7,-1,0,11.0,0,0,0,0,1,0,1,1,0,0,0,1,0,1,0,0,1,1,-1
1725.0,Low,0,6,2,13,1,-1,0,55.0,0,0,0,0,1,0,1,1,0,1,1,1,0,1,0,0,1,1,-1
3073.0,High,1,19,1,0,2,0,0,137.0,0,0,0,0,1,0,0,0,0,1,1,1,0,1,1,0,1,1,1
1704.0,Low,0,9,4,1,5,1,0,64.0,0,0,0,0,1,0,1,1,0,1,1,1,0,1,1,0,0,0,0
1309.0,Low,0,10,1,3,1,0,0,22.0,0,0,0,0,0,0,0,0,0,1,1,1,0,1,1,0,1,1,1
1576.0,Low,0,1,1,21,1,-1,0,49.0,0,0,0,0,1,0,0,0,0,0,1,0,0,0,0,0,0,0,-1
543.0,Low,0,21,1,0,5,-1,0,21.0,0,0,0,0,1,0,1,1,0,1,1,1,0,1,1,1,1,1,1
1216.0,Low,0,3,1,3,1,-1,0,50.0,0,0,0,0,1,0,1,1,0,0,0,1,0,1,0,0,0,0,-1
1007.0,Low,0,4,1,10,2,0,0,133.0,0,0,0,0,1,0,1,1,0,0,0,1,0,1,1,0,1,1,1
671.0,Low,0,4,1,3,5,-1,0,22.0,0,0,0,0,0,0,0,0,0,0,1,0,0,1,0,0,0,0,-1
3075.0,High,1,4,1,1,1,-1,0,12.0,0,0,0,0,1,0,1,1,0,0,1,0,0,0,1,0,0,0,1
812.0,Low,0,7,2,1,3,0,0,6.0,0,0,0,0,1,0,1,1,1,1,1,1,0,1,0,1,1,1,-1
701.0,Low,0,4,1,0,1,1,0,42.0,0,0,0,0,1,0,1,1,0,1,0,1,0,1,1,1,1,1,1
2274.0,High,1,4,1,1,2,-1,0,60.0,0,0,0,0,1,0,0,0,0,0,0,0,0,1,0,0,1,0,-1
1552.0,Low,0,4,1,1,6,-1,0,22.0,0,0,0,0,1,0,1,1,0,1,1,1,0,1,1,1,1,1,1
1949.0,High,1,3,7,12,1,0,0,172.0,0,0,0,0,1,0,1,1,0,0,1,1,0,1,0,0,1,1,-1
1718.0,Low,0,6,1,5,3,-1,1,28.0,0,0,0,0,1,0,0,0,0,0,0,1,0,1,0,0,1,1,-1
791.0,Low,0,4,3,1,3,0,0,17.0,0,0,0,0,1,0,0,0,0,1,0,1,0,1,1,1,1,1,1
1023.0,Low,0,9,1,3,1,-1,0,22.0,0,0,0,0,1,0,0,0,0,0,1,1,0,1,1,0,1,1,1
1439.0,Low,0,5,1,13,3,-1,0,113.0,0,0,0,0,1,0,1,1,0,0,0,1,0,1,1,0,1,1,1
2363.0,High,1,12,4,14,5,0,0,38.0,0,0,0,0,1,0,0,0,0,1,1,1,0,1,1,1,1,1,1
2679.0,High,1,5,4,2,9,-1,0,40.0,0,0,0,0,1,0,1,1,0,0,1,1,0,1,1,0,1,1,1
1928.0,High,1,3,1,1,2,-1,0,7.0,0,0,0,0,1,0,0,0,0,0,0,0,0,0,1,0,0,0,1
424.0,Low,0,2,7,1,5,1,1,113.0,0,0,0,0,0,1,0,0,0,0,0,0,0,0,0,0,0,0,-1
1770.0,Low,0,15,4,0,1,0,0,51.0,0,0,0,0,0,0,0,1,0,1,0,1,0,1,1,0,1,1,1
3319.0,High,1,1,1,5,3,-1,0,63.0,0,0,0,0,0,0,1,1,0,0,0,0,0,0,0,0,0,0,-1
1064.0,Low,0,3,2,5,1,1,0,30.0,0,0,0,0,1,0,1,1,0,1,0,1,0,1,1,0,1,1,1
2072.0,High,1,9,9,23,3,0,0,46.0,0,0,0,0,1,0,1,1,0,0,1,1,0,1,1,0,1,1,1
1371.0,Low,0,2,1,6,3,-1,0,27.0,0,0,0,0,1,0,0,0,0,1,1,1,0,1,0,1,1,1,-1
2133.0,High,1,3,1,1,4,-1,0,52.0,0,0,0,0,1,0,1,1,1,0,0,1,0,1,0,0,1,1,-1
2824.0,High,1,12,7,1,5,-1,0,41.0,0,0,0,0,1,0,1,1,0,0,1,1,0,1,1,0,1,1,1
4689.0,High,1,4,1,2,2,0,0,20.0,0,0,0,0,1,0,1,1,0,1,1,1,0,1,1,0,1,1,1
2495.0,High,1,0,4,1,3,-1,0,17.0,0,0,0,0,1,0,1,1,0,0,0,0,0,0,0,0,0,0,-1
2324.0,High,1,9,2,6,2,0,0,31.0,0,0,0,0,1,0,0,1,0,1,0,1,0,1,1,1,0,0,1
1491.0,Low,0,9,2,5,4,0,0,48.0,0,0,0,0,1,0,1,1,0,0,0,1,0,1,1,0,1,1,1
1796.0,Low,0,2,5,1,5,-1,0,21.0,0,0,0,0,1,0,1,1,0,0,1,1,0,1,0,0,1,1,-1
1887.0,High,1,6,1,8,5,0,0,30.0,0,0,0,0,0,0,1,1,0,0,0,0,0,0,0,0,0,0,-1
766.0,Low,0,4,7,2,5,-1,0,5.0,0,0,0,0,1,0,1,1,0,1,0,0,0,0,0,0,0,0,-1
837.0,Low,0,13,3,22,2,1,0,36.0,0,0,0,0,1,0,0,1,0,0,0,1,0,1,0,0,1,1,-1
3551.0,High,1,14,2,7,7,0,0,184.0,0,0,0,0,1,0,1,1,0,0,1,1,0,1,1,0,1,1,1
1010.0,Low,0,18,1,14,3,0,0,67.0,0,0,0,0,1,0,1,1,0,1,1,1,0,1,1,1,1,1,1
3435.0,High,1,7,2,3,6,-1,0,27.0,0,0,0,0,1,0,1,1,1,0,1,1,0,1,1,0,1,1,1
883.0,Low,0,6,2,1,6,0,0,28.0,0,0,0,0,1,0,0,0,0,1,1,1,0,1,0,0,1,1,-1
944.0,Low,0,16,2,8,2,-1,0,22.0,0,0,0,0,1,0,0,1,0,1,1,1,0,1,1,0,1,1,1
2207.0,High,1,5,3,10,10,0,0,90.0,0,0,0,0,1,0,1,1,0,1,0,1,0,1,1,1,1,1,1
3075.0,High,1,3,1,1,7,-1,0,40.0,0,0,0,0,1,0,1,1,0,0,1,0,0,0,0,0,0,0,-1
2891.0,High,1,3,1,2,2,-1,0,12.0,0,0,0,0,1,0,1,1,0,0,1,0,0,1,0,0,1,0,-1
304.0,Low,0,0,1,8,4,0,0,42.0,0,0,0,0,1,0,1,1,0,0,0,0,0,0,0,0,0,0,-1
1492.0,Low,0,2,2,1,19,0,0,60.0,0,0,0,0,1,0,1,1,1,0,1,1,0,1,1,0,1,1,1
1246.0,Low,0,5,2,1,1,-1,0,28.0,0,0,0,0,1,0,0,0,0,1,1,1,0,1,1,0,1,1,1
974.0,Low,0,4,6,4,1,0,0,51.0,0,0,0,0,1,0,1,1,0,1,0,1,0,1,1,1,1,1,1
1857.0,High,1,3,3,2,3,-1,0,34.0,0,0,0,0,1,0,1,1,0,0,1,1,0,1,1,0,1,1,1
1095.0,Low,0,8,2,8,1,-1,0,40.0,0,0,0,0,1,0,0,1,0,1,1,0,0,0,1,1,0,0,1
762.0,Low,0,5,2,1,5,-1,0,12.0,0,0,0,0,1,0,1,1,0,0,0,0,0,1,0,0,1,0,-1
1948.0,High,1,4,2,1,3,1,0,34.0,0,0,0,0,1,0,1,1,0,1,1,0,0,0,1,0,0,0,1
1507.0,Low,0,4,8,1,8,-1,0,32.0,0,0,0,0,0,1,1,1,0,1,0,0,0,0,1,1,0,0,1
853.0,Low,0,0,5,3,4,-1,0,1.0,0,0,0,0,1,0,1,1,0,0,0,0,0,0,0,0,0,0,-1
3044.0,High,1,2,1,4,5,-1,0,39.0,0,0,0,0,1,0,1,1,0,0,1,1,0,1,1,0,1,1,1
1401.0,Low,0,3,1,7,1,0,0,77.0,0,0,0,0,1,0,1,1,0,0,0,1,0,1,0,0,1,1,-1
884.0,Low,0,9,4,44,3,-1,0,15.0,0,0,0,0,1,0,1,1,1,1,1,1,0,1,1,1,1,1,1
2498.0,High,1,0,2,1,5,-1,1,52.0,0,0,0,0,1,0,1,1,1,0,0,0,0,0,0,0,0,0,-1
2067.0,High,1,16,1,23,1,-1,0,83.0,0,0,0,0,1,0,0,1,0,1,0,1,0,1,1,1,1,1,1
3560.0,High,1,0,1,1,5,-1,1,80.0,0,0,0,0,1,0,1,1,1,0,0,0,0,0,0,0,0,0,-1
2795.0,High,1,7,1,11,5,1,0,31.0,0,0,0,0,1,0,1,1,0,0,1,1,0,1,0,0,1,1,-1
517.0,Low,0,4,3,1,4,-1,0,7.0,0,0,0,0,1,0,1,1,0,0,1,1,0,1,0,0,1,1,-1
1527.0,Low,0,13,3,4,3,-1,0,17.0,0,0,0,0,1,0,1,1,1,0,1,0,0,1,1,0,0,0,1
303.0,Low,0,10,1,5,3,1,0,31.0,0,0,0,0,1,0,0,0,0,0,0,1,0,1,1,0,1,1,1
1764.0,Low,0,1,7,1,4,-1,0,7.0,0,0,0,0,1,0,1,1,0,0,1,0,0,0,0,0,0,0,-1
1747.0,Low,0,8,4,11,26,0,0,132.0,0,0,0,0,1,0,1,1,0,1,1,1,0,1,1,1,1,1,1
861.0,Low,0,9,2,1,2,0,0,5.0,0,0,0,0,1,0,1,1,0,1,0,0,0,1,0,1,1,0,-1
1034.0,Low,0,2,5,1,3,0,0,31.0,0,0,0,0,0,0,1,1,0,0,0,1,0,1,0,0,1,1,-1
1849.0,High,1,6,1,1,8,0,0,16.0,0,0,0,0,1,0,1,1,0,1,0,0,0,1,0,1,1,0,-1
6022.0,High,1,12,4,1,2,-1,0,5.0,0,0,0,0,1,0,1,1,0,0,1,0,0,0,1,0,0,0,1
696.0,Low,0,7,1,1,6,-1,0,15.0,0,0,0,0,1,0,0,0,0,0,1,0,0,0,1,0,0,0,1
1188.0,Low,0,1,6,3,4,-1,0,7.0,0,0,0,0,1,0,1,1,0,0,1,1,0,1,0,0,1,1,-1
2343.0,High,1,1,9,1,4,-1,0,5.0,0,0,0,0,1,0,1,1,0,0,1,0,0,0,0,0,0,0,-1
1185.0,Low,0,0,7,1,5,-1,1,20.0,0,0,0,0,1,0,1,1,0,0,0,0,0,0,0,0,0,0,-1
539.0,Low,0,6,1,5,4,-1,0,16.0,0,0,0,0,1,0,1,1,0,1,1,1,0,1,1,0,1,1,1
4080.0,High,1,18,8,1,5,1,0,92.0,0,0,0,0,1,0,1,1,1,1,1,0,0,0,1,0,0,0,1
1277.0,Low,0,13,2,8,4,0,0,94.0,0,0,0,0,1,0,1,1,0,0,1,1,0,1,1,0,0,0,1
1738.0,Low,0,5,1,2,1,-1,0,134.0,0,0,0,0,1,0,0,0,0,1,1,1,0,1,1,0,1,1,1
2344.0,High,1,7,2,2,1,-1,0,28.0,0,0,0,0,1,0,1,1,0,1,1,1,0,1,1,1,1,1,1
1053.0,Low,0,7,2,3,1,-1,0,40.0,0,0,0,0,1,0,1,1,0,1,0,1,0,1,1,1,1,1,1
2217.0,High,1,8,2,11,1,-1,0,20.0,0,0,0,0,1,0,1,1,0,1,1,0,0,0,1,1,0,0,1
769.0,Low,0,5,1,4,1,-1,0,20.0,0,0,0,0,1,0,1,1,0,1,0,0,0,0,1,1,0,0,1
759.0,Low,0,3,1,6,4,-1,0,21.0,0,0,0,0,1,0,1,1,0,0,0,1,0,1,0,0,0,0,-1
1925.0,High,1,9,10,1,6,0,0,74.0,0,0,0,0,1,0,1,1,0,0,1,0,0,0,1,0,0,0,1
4707.0,High,1,1,3,1,5,-1,0,6.0,0,0,0,0,1,0,1,1,0,0,1,1,0,1,0,0,1,1,-1
1829.0,High,1,74,1,9,1,0,0,79.0,0,0,0,0,1,0,1,1,0,1,1,1,0,1,1,1,1,1,1
1249.0,Low,0,9,2,15,1,0,0,47.0,0,0,0,0,1,0,1,1,0,1,0,1,0,1,1,1,1,1,1
1338.0,Low,0,17,1,11,6,1,0,31.0,0,0,0,0,0,0,1,1,0,1,1,1,0,1,1,1,1,1,1
1106.0,Low,0,6,3,1,25,-1,0,29.0,0,0,0,0,1,0,1,1,0,1,1,1,0,1,1,1,1,1,1
1066.0,Low,0,5,1,7,4,0,0,33.0,0,0,0,0,1,0,0,1,0,1,0,1,0,1,1,0,0,0,1
2222.0,High,1,5,3,3,5,-1,1,16.0,0,0,0,0,1,0,0,0,0,1,0,0,0,0,0,1,0,0,-1
1853.0,High,1,11,4,1,29,-1,0,14.0,0,0,0,0,1,0,1,1,0,1,1,1,0,1,0,1,0,0,-1
3530.0,High,1,0,1,3,5,-1,1,3.0,0,0,0,0,1,0,1,1,0,0,0,0,0,0,0,0,0,0,-1
1747.0,Low,0,2,10,1,5,0,0,33.0,0,0,0,0,1,0,1,1,0,0,0,0,0,0,1,0,0,0,1
761.0,Low,0,3,1,1,1,-1,0,10.0,0,0,0,0,0,0,0,0,0,0,0,1,0,1,0,0,0,0,-1
4442.0,High,1,2,1,4,4,0,0,29.0,0,0,0,0,1,0,1,1,0,0,1,1,0,1,1,0,1,1,1
1696.0,Low,0,10,1,18,3,0,0,65.0,0,0,0,0,1,0,0,0,0,0,1,1,0,1,1,0,1,1,1
1796.0,Low,0,5,1,1,4,-1,0,30.0,0,0,0,0,1,0,0,0,0,0,1,0,0,0,0,0,0,0,-1
488.0,Low,0,4,1,1,1,-1,0,18.0,0,0,0,0,1,0,0,0,0,1,0,1,0,1,1,0,0,0,1
852.0,Low,0,6,1,3,1,0,0,49.0,0,0,0,0,0,0,1,1,0,1,0,1,0,1,1,0,0,0,1
3044.0,High,1,1,1,1,2,-1,0,11.0,0,0,0,0,1,0,1,1,0,0,1,0,0,0,0,0,0,0,-1
1144.0,Low,0,5,1,0,1,-1,0,8.0,0,0,0,0,1,0,0,0,0,1,0,1,0,1,1,1,0,0,1
1437.0,Low,0,12,1,12,11,0,0,44.0,0,0,0,0,1,0,0,0,0,1,1,1,0,1,1,1,1,1,1
914.0,Low,0,11,2,4,1,0,0,75.0,0,0,0,0,1,0,1,1,0,1,1,1,0,1,0,0,1,1,-1
1247.0,Low,0,4,2,1,4,0,0,71.0,0,0,0,0,1,0,1,1,0,0,1,1,0,1,0,0,1,1,-1
1552.0,Low,0,4,3,1,5,1,0,24.0,0,0,0,0,1,0,1,1,0,0,0,1,0,1,0,0,0,0,-1
3540.0,High,1,4,1,3,5,-1,0,60.0,0,0,0,0,1,0,1,1,1,0,1,1,0,1,0,0,1,1,-1
1096.0,Low,0,2,2,41,1,1,1,186.0,0,0,0,0,1,0,0,0,0,0,0,1,0,1,0,0,1,1,-1
1603.0,Low,0,8,1,0,1,-1,0,15.0,0,0,0,0,1,0,0,0,0,1,0,1,0,1,1,1,1,1,1
821.0,Low,0,3,1,1,7,-1,0,1.0,0,0,0,0,1,0,1,1,0,0,1,1,0,1,0,0,1,1,-1
1430.0,Low,0,4,5,2,4,-1,1,20.0,0,0,0,0,1,0,1,1,0,0,1,0,0,0,0,0,0,0,-1
2334.0,High,1,24,1,16,7,-1,0,226.0,0,0,0,0,1,0,1,1,0,1,1,1,0,1,1,1,1,1,1
821.0,Low,0,9,1,4,2,-1,0,50.0,0,0,0,0,1,0,1,1,0,1,0,1,0,1,1,1,0,0,1
700.0,Low,0,0,1,1,5,-1,1,35.0,0,0,0,0,1,0,1,1,0,0,0,0,0,0,0,0,0,0,-1
2253.0,High,1,2,1,0,4,0,0,123.0,0,0,0,0,1,0,0,0,0,0,0,1,0,1,1,0,1,1,1
2038.0,High,1,2,1,9,1,0,0,79.0,0,0,0,0,1,0,1,1,0,1,1,1,0,1,1,1,0,0,1
1498.0,Low,0,10,1,0,4,0,0,141.0,0,0,0,0,1,0,0,0,0,1,0,1,0,1,1,1,1,1,1
2283.0,High,1,10,4,1,6,-1,0,39.0,0,0,0,0,1,0,1,1,1,0,0,1,0,1,1,0,1,1,1
2707.0,High,1,49,1,10,1,0,0,72.0,0,0,0,0,1,0,1,1,0,1,1,1,0,1,1,0,1,1,1
929.0,Low,0,8,2,4,1,-1,0,38.0,0,0,0,0,1,0,0,0,0,1,1,1,0,1,1,1,1,1,1
1728.0,Low,0,9,3,21,10,-1,0,21.0,0,0,0,0,1,0,1,1,1,1,1,1,0,1,1,1,1,1,1
1661.0,Low,0,7,4,1,4,-1,0,36.0,0,0,0,0,1,0,1,1,1,0,1,1,0,1,0,0,1,1,-1
1324.0,Low,0,2,1,1,5,0,0,16.0,0,0,0,0,1,0,1,1,0,0,0,1,0,1,1,0,1,1,0
1926.0,High,1,16,1,21,1,0,0,304.0,0,0,0,0,1,0,0,1,0,0,1,1,0,1,1,0,1,1,1
5754.0,High,1,53,3,29,5,-1,0,596.0,0,0,0,0,1,0,1,1,0,1,1,1,0,1,1,1,1,1,1
1947.0,High,1,9,8,1,11,-1,0,14.0,0,0,0,0,1,0,1,1,0,0,1,1,0,1,0,0,1,1,-1
1198.0,Low,0,6,1,12,1,0,0,206.0,0,0,0,0,1,0,1,1,0,0,1,1,0,1,1,0,1,1,1
1005.0,Low,0,1,1,3,1,0,0,30.0,0,0,0,0,1,0,1,1,0,0,0,0,0,0,0,0,0,0,-1
1035.0,Low,0,2,1,4,5,0,0,36.0,0,0,0,0,1,0,1,1,0,0,0,1,0,1,0,0,1,0,-1
2436.0,High,1,2,1,1,5,0,0,40.0,0,0,0,0,1,0,1,1,0,0,0,0,0,0,0,0,0,0,-1
3683.0,High,1,6,8,1,5,-1,0,54.0,0,0,0,0,1,0,1,1,0,0,1,1,0,1,1,0,1,1,1
1984.0,High,1,9,4,1,7,-1,0,20.0,0,0,0,0,1,0,1,1,0,1,1,0,0,0,0,0,0,0,-1
1513.0,Low,0,17,2,10,20,1,0,89.0,0,0,0,0,1,0,1,1,0,1,1,1,0,1,1,0,1,1,1
1249.0,Low,0,1,1,1,5,-1,0,12.0,0,0,0,0,1,0,1,1,0,0,1,1,0,1,1,0,1,1,1
1096.0,Low,0,3,1,0,5,0,0,20.0,0,0,0,0,1,0,0,0,0,1,0,1,0,1,0,1,1,0,-1
1297.0,Low,0,8,8,1,2,0,0,6.0,0,0,0,0,1,0,1,1,0,1,1,1,0,1,1,1,1,1,1
3124.0,High,1,3,5,5,5,0,0,50.0,0,0,0,0,1,0,1,1,0,1,1,1,0,1,1,0,1,1,1
1764.0,Low,0,7,4,14,6,0,0,80.0,0,0,0,0,1,0,0,0,0,1,1,0,0,1,0,1,1,0,-1
1431.0,Low,0,28,1,42,1,0,0,134.0,0,0,0,0,1,0,1,1,0,1,1,1,0,1,1,1,1,1,1
3073.0,High,1,0,1,1,5,-1,1,6.0,0,0,0,0,1,0,1,1,0,0,0,0,0,0,0,0,0,0,-1
1553.0,Low,0,16,1,11,4,0,0,96.0,0,0,0,0,1,0,1,1,0,1,0,1,0,1,1,1,0,0,1
2192.0,High,1,0,2,1,4,0,0,15.0,0,0,0,0,1,0,1,1,0,0,0,0,0,0,0,0,0,0,-1
2009.0,High,1,2,7,0,6,-1,0,148.0,0,0,0,0,1,0,0,0,0,0,0,0,0,0,0,0,0,0,-1
304.0,Low,0,3,1,0,1,-1,0,9.0,0,0,0,0,1,0,0,0,0,1,0,1,0,1,1,0,1,1,1
1426.0,Low,0,4,1,1,5,-1,0,26.0,0,0,0,0,1,0,0,0,0,1,0,0,0,0,0,0,0,0,-1
5782.0,High,1,0,2,1,5,-1,1,110.0,0,0,0,0,1,0,1,1,1,0,0,0,0,0,0,0,0,0,-1
3623.0,High,1,7,1,4,6,-1,0,35.0,0,0,0,0,1,0,0,1,0,0,1,0,0,0,0,0,0,0,-1
3012.0,High,1,2,2,1,5,-1,0,13.0,0,0,0,0,1,0,1,1,0,0,1,1,0,1,1,0,1,1,1
1219.0,Low,0,3,2,4,4,-1,0,18.0,0,0,0,0,1,0,0,0,0,1,0,0,0,1,0,0,1,0,-1
1807.0,High,1,11,3,24,1,0,0,47.0,0,0,0,0,1,0,0,1,0,1,1,1,0,1,1,1,0,0,1
1004.0,Low,0,2,1,2,1,0,0,44.0,0,0,0,0,1,0,1,1,0,1,0,0,0,0,1,1,0,0,1
2253.0,High,1,3,7,1,5,0,0,48.0,0,0,0,0,1,0,1,1,0,0,0,0,0,0,0,0,0,0,-1
944.0,Low,0,0,1,4,5,0,0,10.0,0,0,0,0,1,0,1,1,0,0,0,0,0,0,0,0,0,0,-1
1522.0,Low,0,2,1,9,4,-1,0,192.0,0,0,0,0,1,0,1,1,0,0,1,1,0,1,0,0,1,1,-1
1374.0,Low,0,8,1,23,8,-1,0,232.0,0,0,0,0,1,0,1,1,0,1,1,1,0,1,1,0,1,1,1
1127.0,Low,0,4,1,0,6,0,0,12.0,0,0,0,0,1,0,1,1,0,0,0,0,0,0,0,0,0,0,-1
912.0,Low,0,4,1,2,5,-1,0,12.0,0,0,0,0,1,0,1,1,0,1,0,0,0,1,1,1,1,0,1
2556.0,High,1,4,3,2,4,-1,0,25.0,0,0,0,0,1,0,1,1,0,0,1,1,0,1,1,0,1,1,1
1461.0,Low,0,10,1,3,1,0,0,36.0,0,0,0,0,1,0,0,0,0,1,1,1,0,1,1,1,1,1,1
1590.0,Low,0,36,2,84,1,-1,0,138.0,0,0,0,0,1,0,0,1,0,1,1,1,0,1,1,1,1,0,1
2495.0,High,1,0,13,1,6,-1,1,20.0,0,0,0,0,1,0,1,1,0,0,0,0,0,0,0,0,0,0,-1
3226.0,High,1,2,6,1,6,-1,0,55.0,0,0,0,0,1,0,1,1,0,0,0,0,0,0,0,0,0,0,-1
1856.0,High,1,13,1,1,5,-1,0,41.0,0,0,0,0,1,0,1,1,0,0,1,0,0,0,0,0,0,0,-1
1492.0,Low,0,5,1,1,2,-1,0,21.0,0,0,0,0,1,0,1,1,0,0,0,1,0,1,1,0,1,1,1
1796.0,Low,0,6,7,3,4,-1,0,19.0,0,0,0,0,1,0,1,1,0,1,1,0,0,1,0,0,0,0,-1
2897.0,High,1,18,2,10,1,0,0,106.0,0,0,0,0,1,0,1,1,0,1,0,1,0,1,1,1,1,1,1
1138.0,Low,0,5,3,2,7,0,0,19.0,0,0,0,0,1,0,0,0,0,0,0,1,0,1,0,0,0,0,-1
977.0,Low,0,8,2,4,1,-1,0,40.0,0,0,0,0,1,0,0,0,0,1,1,1,0,1,0,1,1,1,-1
3473.0,High,1,5,7,8,6,0,0,156.0,0,0,0,0,1,0,1,1,0,0,0,1,0,1,1,0,1,1,1
790.0,Low,0,4,3,7,5,0,0,25.0,0,0,0,0,1,0,1,1,0,1,0,0,0,1,1,1,1,0,1
670.0,Low,0,4,1,3,5,-1,0,10.0,0,0,0,0,1,0,1,1,0,0,0,1,0,1,0,0,1,1,-1
1155.0,Low,0,1,4,1,1,1,0,25.0,0,0,0,0,1,0,0,0,0,0,0,0,0,0,0,0,0,0,-1
3167.0,High,1,2,3,1,6,1,0,107.0,0,0,0,0,1,0,1,1,0,0,1,1,0,1,1,0,1,1,1
2061.0,High,1,2,2,1,1,-1,0,30.0,0,0,0,0,1,0,1,1,0,0,1,0,0,0,0,0,0,0,-1
1004.0,Low,0,4,1,0,1,1,0,76.0,0,0,0,0,1,0,1,1,0,0,0,0,0,0,0,0,0,0,-1
3713.0,High,1,7,10,1,7,-1,0,147.0,0,0,0,0,1,0,1,1,0,1,1,0,0,1,1,1,1,0,1
2154.0,High,1,3,4,1,9,-1,0,26.0,0,0,0,0,1,0,1,1,0,0,1,1,0,1,0,0,1,1,-1
2029.0,High,1,13,3,24,8,0,0,307.0,0,0,0,0,1,0,1,1,0,1,1,1,0,1,0,1,1,1,-1
2314.0,High,1,3,1,1,7,0,0,24.0,0,0,0,0,1,0,0,0,0,0,0,0,0,0,0,0,0,0,-1
3189.0,High,1,7,8,1,5,0,0,10.0,0,0,0,0,1,0,1,1,1,1,1,0,0,0,1,1,0,0,1
2038.0,High,1,1,3,1,5,-1,0,22.0,0,0,0,0,1,0,1,1,0,0,1,1,0,1,1,0,1,1,1
61.0,Low,0,1,2,1,1,1,0,70.0,0,0,0,0,1,0,0,0,0,0,0,1,0,1,1,0,1,1,1
1205.0,Low,0,18,1,3,1,-1,0,46.0,0,0,0,0,1,0,1,1,0,1,1,1,0,1,1,0,1,1,1
402.0,Low,0,7,3,0,1,0,0,26.0,0,0,0,0,1,0,0,0,0,0,0,1,0,1,1,0,1,1,1
640.0,Low,0,1,1,1,8,-1,0,40.0,0,0,0,0,1,0,1,1,0,0,0,1,0,1,0,0,1,1,-1
1067.0,Low,0,2,1,5,1,-1,0,36.0,0,0,0,0,1,0,0,0,0,0,1,1,0,1,1,0,1,1,1
1645.0,Low,0,6,1,0,1,-1,0,116.0,0,0,0,0,1,0,0,1,0,1,1,1,0,1,1,1,1,1,1
1869.0,High,1,4,13,1,7,0,0,46.0,0,0,0,0,0,0,1,1,0,0,0,0,0,0,0,0,0,0,-1
1127.0,Low,0,6,1,2,1,-1,0,20.0,0,0,0,0,0,0,1,1,0,0,1,1,0,1,0,0,1,1,-1
882.0,Low,0,0,6,1,7,-1,1,30.0,0,0,0,0,1,0,1,1,0,0,0,0,0,0,0,0,0,0,-1
1158.0,Low,0,0,2,1,7,-1,1,27.0,0,0,0,0,1,0,1,1,0,0,0,0,0,0,0,0,0,0,-1
2130.0,High,1,0,1,1,8,-1,1,60.0,0,0,0,0,1,0,1,1,0,0,0,0,0,0,0,0,0,0,-1
2102.0,High,1,9,2,1,8,0,0,92.0,0,0,0,0,1,0,1,1,0,0,1,1,0,1,0,0,0,0,-1
1717.0,Low,0,5,1,1,2,-1,0,18.0,0,0,0,0,1,0,1,1,0,1,0,1,0,1,0,0,1,1,-1
2424.0,High,1,5,1,3,7,-1,0,33.0,0,0,0,0,1,0,1,1,0,0,1,1,0,1,1,0,1,1,1
3164.0,High,1,5,1,1,1,-1,0,51.0,0,0,0,0,1,0,0,0,0,0,1,1,0,1,1,0,1,1,1
762.0,Low,0,6,1,9,4,-1,0,18.0,0,0,0,0,1,0,1,1,0,1,1,1,0,1,1,1,1,1,1
2101.0,High,1,4,3,7,1,0,0,86.0,0,0,0,0,1,0,0,0,0,0,1,1,0,1,0,0,1,1,-1
1827.0,High,1,1,1,1,2,-1,0,69.0,0,0,0,0,1,0,1,1,0,1,0,1,0,1,0,1,1,1,-1
974.0,Low,0,13,1,4,1,-1,0,73.0,0,0,0,0,0,0,0,0,0,0,1,0,0,0,1,0,0,0,1
518.0,Low,0,5,1,1,6,-1,0,30.0,0,0,0,0,0,1,0,0,0,0,1,0,0,0,0,0,0,0,-1
1980.0,High,1,3,4,79,1,0,0,74.0,0,0,0,0,1,0,1,1,0,1,0,0,0,0,0,0,0,0,-1
5571.0,High,1,0,1,10,1,0,0,65.0,0,0,0,0,1,0,1,1,0,0,0,0,0,0,0,0,0,0,-1
1492.0,Low,0,2,1,1,9,-1,0,47.0,0,0,0,0,1,0,0,0,0,0,0,0,0,0,0,0,0,0,-1
2130.0,High,1,0,1,1,2,-1,1,90.0,0,0,0,0,1,0,1,1,1,0,0,0,0,0,0,0,0,0,-1
2947.0,High,1,8,3,13,11,-1,0,71.0,0,0,0,0,1,0,1,1,1,1,1,1,0,1,0,1,1,1,-1
1277.0,Low,0,7,1,4,1,-1,0,39.0,0,0,0,0,1,0,0,0,0,1,1,1,0,1,1,0,1,1,1
1131.0,Low,0,5,6,10,30,-1,0,106.0,0,0,0,0,1,0,1,1,0,1,0,1,0,1,0,0,1,1,-1
4900.0,High,1,2,7,1,1,1,0,30.0,0,0,0,0,1,0,1,1,0,0,1,1,0,1,0,0,1,1,-1
882.0,Low,0,4,1,0,1,-1,0,15.0,0,0,0,0,1,0,0,0,0,0,0,1,0,1,0,0,0,0,-1
1177.0,Low,0,15,1,12,1,-1,0,286.0,0,0,0,0,1,0,1,1,0,1,1,1,0,1,1,1,1,1,1
2984.0,High,1,1,1,1,1,-1,0,29.0,0,0,0,0,1,0,1,1,0,1,1,1,0,1,0,1,1,1,-1
1543.0,Low,0,8,2,10,8,0,0,128.0,0,0,0,0,1,0,1,1,0,1,1,1,0,1,1,1,1,1,1
976.0,Low,0,3,1,0,1,-1,0,29.0,0,0,0,0,1,0,0,0,0,1,1,0,0,0,1,1,0,0,1
2312.0,High,1,1,1,1,1,0,0,34.0,0,0,0,0,1,0,1,1,0,0,0,0,0,0,0,0,0,0,-1
1186.0,Low,0,0,1,0,1,-1,0,20.0,0,0,0,0,1,0,1,1,0,0,0,0,0,0,0,0,0,0,-1
580.0,Low,0,3,1,2,1,-1,1,18.0,0,0,0,0,1,0,0,0,0,0,1,1,0,1,0,0,1,1,-1
1883.0,High,1,8,3,7,11,0,0,58.0,0,0,0,0,1,0,1,1,0,1,0,1,0,1,1,1,1,1,1
127.0,Low,0,9,1,1,1,-1,0,2.0,0,0,0,0,1,0,0,0,0,1,1,1,0,1,1,1,1,1,1
666.0,Low,0,8,1,1,3,-1,0,9.0,0,0,0,0,1,0,0,0,0,1,1,1,0,1,1,1,1,1,1
963.0,Low,0,11,1,2,1,-1,0,10.0,0,0,0,0,1,0,0,0,0,1,1,1,0,1,1,1,1,1,1
1492.0,Low,0,3,2,1,2,-1,0,7.0,0,0,0,0,1,0,1,1,0,0,1,1,0,1,0,0,1,1,-1
1836.0,High,1,1,1,2,1,-1,0,21.0,0,0,0,0,1,0,0,0,0,0,1,0,0,0,0,0,0,0,-1
1057.0,Low,0,11,1,3,4,-1,0,23.0,0,0,0,0,1,0,0,0,0,1,0,1,0,1,1,1,1,1,1
274.0,Low,0,7,1,1,1,1,0,24.0,0,0,0,0,1,0,0,0,0,0,0,0,0,0,1,0,0,0,1
790.0,Low,0,5,1,1,2,-1,0,20.0,0,0,0,0,1,0,0,0,0,1,1,0,0,0,0,0,0,0,-1
1615.0,Low,0,2,1,6,2,-1,0,13.0,0,0,0,0,1,0,0,1,0,1,0,0,0,0,0,1,0,0,-1
1457.0,Low,0,7,1,9,1,-1,0,25.0,0,0,0,0,1,0,0,1,0,1,0,0,0,0,0,0,0,0,-1
1491.0,Low,0,24,1,16,1,0,0,66.0,0,0,0,0,1,0,0,0,0,1,1,1,0,1,1,1,1,0,1
2252.0,High,1,3,7,8,1,-1,0,49.0,0,0,0,0,1,0,1,1,0,0,0,0,0,1,1,0,1,0,1
2557.0,High,1,4,6,8,1,-1,0,22.0,0,0,0,0,1,0,1,1,0,0,1,0,0,0,1,0,0,0,1
1582.0,Low,0,10,1,30,1,-1,0,93.0,0,0,0,0,1,0,0,1,0,1,1,1,0,1,1,1,1,1,1
2201.0,High,1,4,6,5,1,-1,0,14.0,0,0,0,0,1,0,1,1,0,0,1,0,0,1,0,0,1,0,-1
943.0,Low,0,7,2,1,1,1,1,50.0,0,0,0,0,0,1,1,1,0,0,0,1,0,1,0,0,0,0,-1
273.0,Low,0,7,1,9,1,0,0,7.0,0,0,0,0,1,0,0,0,0,1,1,0,0,0,1,1,0,0,1
1734.0,Low,0,6,1,1,1,0,0,18.0,0,0,0,0,1,0,1,1,0,1,1,1,0,1,1,1,1,1,1
1673.0,Low,0,3,1,1,1,-1,0,14.0,0,0,0,0,1,0,1,1,0,0,1,1,0,1,1,0,1,1,1
547.0,Low,0,3,1,6,1,-1,0,8.0,0,0,0,0,1,0,1,1,0,0,1,1,0,1,0,0,1,1,-1
2221.0,High,1,3,10,1,2,0,0,24.0,0,0,0,0,1,0,1,1,0,1,1,1,0,1,0,1,1,1,-1
3197.0,High,1,3,2,1,1,1,0,6.0,0,0,0,0,0,0,1,1,0,0,0,1,0,0,0,0,0,1,-1
4419.0,High,1,2,13,28,3,0,0,104.0,0,0,0,0,1,0,1,1,0,0,1,1,0,1,0,0,1,1,-1
1734.0,Low,0,3,1,1,1,0,0,12.0,0,0,0,0,1,0,0,0,0,0,1,0,0,1,0,0,0,0,-1
1499.0,Low,0,2,1,1,1,1,0,10.0,0,0,0,0,1,0,1,1,0,0,0,1,0,1,0,0,1,1,-1
1667.0,Low,0,2,8,24,1,0,0,31.0,0,0,0,0,1,0,1,1,0,1,0,1,0,1,0,1,1,1,-1
3014.0,High,1,5,1,1,1,-1,0,40.0,0,0,0,0,1,0,1,1,0,0,0,0,0,0,0,0,0,0,-1
1157.0,Low,0,2,2,1,3,-1,0,9.0,0,0,0,0,1,0,1,1,0,0,0,1,0,1,1,0,1,1,0
3627.0,High,1,2,2,1,1,0,0,53.0,0,0,0,0,1,0,1,1,0,0,1,0,0,0,0,0,0,0,-1
1492.0,Low,0,1,2,3,1,-1,0,36.0,0,0,0,0,1,0,1,1,0,0,0,1,0,1,0,0,1,1,-1
2250.0,High,1,4,14,46,1,0,0,134.0,0,0,0,0,1,0,1,1,0,0,0,1,0,1,1,0,0,0,1
1644.0,Low,0,6,5,1,1,-1,0,20.0,0,0,0,0,0,0,1,1,0,0,0,0,0,1,0,0,0,0,-1
1768.0,Low,0,13,4,19,3,0,0,153.0,0,0,0,0,1,0,1,1,0,1,1,1,0,1,1,0,1,1,1
1694.0,Low,0,24,2,15,1,-1,0,119.0,0,0,0,0,1,0,0,1,0,0,0,1,0,1,1,0,1,1,1
2244.0,High,1,4,1,1,1,-1,0,21.0,0,0,0,0,0,0,1,1,0,0,1,1,0,1,0,0,1,1,-1
1219.0,Low,0,3,2,3,3,0,0,97.0,0,0,0,0,0,0,1,1,0,0,1,0,0,1,0,0,1,0,-1
842.0,Low,0,12,1,4,17,-1,0,22.0,0,0,0,0,1,0,1,1,0,1,1,1,0,1,1,1,1,1,1
1006.0,Low,0,4,2,5,2,0,0,43.0,0,0,0,0,1,0,1,1,0,1,0,0,0,1,1,1,1,0,1
2677.0,High,1,1,2,1,7,0,0,5.0,0,0,0,0,1,0,1,1,0,0,0,0,0,1,0,0,1,0,-1
1247.0,Low,0,3,1,2,2,-1,0,20.0,0,0,0,0,1,0,0,0,0,0,1,1,0,1,1,0,1,1,1
4569.0,High,1,16,3,1,1,-1,0,18.0,0,0,0,0,1,0,1,1,1,1,1,1,0,1,1,0,0,0,1
2010.0,High,1,6,1,2,1,1,0,37.0,0,0,0,0,0,1,0,0,0,0,0,0,0,0,0,0,0,0,-1
3609.0,High,1,12,1,17,6,-1,0,118.0,0,0,0,0,1,0,1,1,0,0,1,1,0,1,0,0,0,0,-1
1378.0,Low,0,33,2,3,4,-1,0,10.0,0,0,0,0,1,0,1,1,0,1,0,0,0,0,0,1,0,0,-1
2497.0,High,1,8,1,6,3,-1,0,6.0,0,0,0,0,1,0,0,0,0,1,0,1,0,1,0,0,1,1,-1
1248.0,Low,0,6,1,8,4,-1,0,51.0,0,0,0,0,1,0,1,1,0,1,1,1,0,1,1,1,1,1,1
1735.0,Low,0,3,1,1,2,-1,0,7.0,0,0,0,0,1,0,1,1,0,0,0,1,0,1,0,0,1,1,-1
1583.0,Low,0,4,3,3,2,0,0,60.0,0,0,0,0,1,0,1,1,0,0,0,0,0,1,0,0,1,0,-1
3410.0,High,1,5,17,1,14,-1,0,302.0,0,0,0,0,1,0,1,1,1,0,1,1,0,1,1,0,1,1,1
1461.0,Low,0,6,1,1,12,-1,0,31.0,0,0,0,0,1,0,1,1,0,0,1,1,0,1,1,0,1,1,1
3805.0,High,1,3,1,1,1,-1,0,37.0,0,0,0,0,1,0,1,1,0,0,0,0,0,0,0,0,0,0,-1
2207.0,High,1,8,2,1,3,-1,0,53.0,0,0,0,0,1,0,1,1,0,1,1,1,0,1,1,0,1,1,1
2130.0,High,1,2,2,4,1,-1,0,62.0,0,0,0,0,0,0,1,1,0,0,1,1,0,1,1,0,1,1,1
910.0,Low,0,5,2,1,2,-1,0,10.0,0,0,0,0,1,0,0,0,0,1,0,0,0,0,0,1,0,0,-1
918.0,Low,0,3,2,13,5,0,0,21.0,0,0,0,0,1,0,1,1,0,0,0,1,0,1,0,0,1,1,-1
1794.0,Low,0,6,3,1,1,0,0,80.0,0,0,0,0,1,0,1,1,0,0,0,0,0,0,0,0,0,0,-1
1339.0,Low,0,7,3,2,8,1,0,38.0,0,0,0,0,1,0,1,1,0,0,1,1,0,1,1,0,0,0,1
1448.0,Low,0,3,1,1,3,-1,0,3.0,0,0,0,0,1,0,1,1,0,1,1,1,0,1,0,1,1,1,-1
1365.0,Low,0,10,1,1,3,0,0,17.0,0,0,0,0,1,0,1,1,0,0,1,1,0,1,0,0,1,1,-1
518.0,Low,0,2,6,1,2,0,0,10.0,0,0,0,0,1,0,0,0,0,0,0,0,0,0,0,0,0,0,-1
1522.0,Low,0,16,3,13,3,0,0,50.0,0,0,0,0,1,0,1,1,0,0,1,1,0,1,1,0,1,1,1
4626.0,High,1,2,1,2,2,0,0,52.0,0,0,0,0,1,0,1,1,0,0,1,1,0,1,1,0,1,1,1
1561.0,Low,0,5,2,1,14,-1,0,34.0,0,0,0,0,1,0,1,1,0,0,1,1,0,1,1,0,1,1,1
2066.0,High,1,0,1,2,1,-1,1,9.0,0,0,0,0,1,0,1,1,1,0,0,0,0,0,0,0,0,0,-1
1474.0,Low,0,2,1,1,3,-1,0,9.0,0,0,0,0,1,0,0,0,0,0,1,1,0,1,1,0,1,1,1
1704.0,Low,0,4,1,8,5,-1,0,68.0,0,0,0,0,1,0,1,1,0,0,1,1,0,1,1,0,1,1,1
1583.0,Low,0,11,8,1,3,0,0,12.0,0,0,0,0,1,0,1,1,0,0,1,1,0,1,1,0,1,1,1
1476.0,Low,0,4,5,8,1,0,0,15.0,0,0,0,0,1,0,1,1,0,0,0,1,0,1,1,0,1,1,1
981.0,Low,0,5,17,1,2,0,0,7.0,0,0,0,0,1,0,1,1,0,1,1,1,0,1,1,0,0,0,1
750.0,Low,0,6,1,2,2,-1,0,20.0,0,0,0,0,1,0,0,0,0,1,1,1,0,1,1,0,1,1,1
487.0,Low,0,6,4,6,4,-1,0,19.0,0,0,0,0,1,0,1,1,0,0,1,1,0,1,1,0,1,1,1
432.0,Low,0,2,5,23,2,0,0,15.0,0,0,0,0,1,0,1,1,0,0,0,0,0,0,0,0,0,0,-1
819.0,Low,0,2,1,1,2,-1,0,56.0,0,0,0,0,1,0,0,0,0,0,0,0,0,0,0,0,0,0,-1
742.0,Low,0,3,4,11,2,0,0,24.0,0,0,0,0,1,0,1,1,0,0,1,1,0,1,1,0,1,1,1
1358.0,Low,0,28,2,7,1,1,1,46.0,0,0,0,0,1,0,1,1,0,1,1,0,0,0,1,1,0,0,1
3196.0,High,1,6,2,1,2,0,0,32.0,0,0,0,0,1,0,1,1,0,0,1,1,0,1,1,0,1,1,1
3379.0,High,1,5,1,1,3,0,0,37.0,0,0,0,0,1,0,1,1,0,0,0,1,0,1,0,0,1,1,-1
1614.0,Low,0,9,4,1,3,0,0,27.0,0,0,0,0,1,0,0,0,0,0,1,0,0,1,0,0,0,0,-1
2843.0,High,1,2,3,1,1,-1,0,21.0,0,0,0,0,1,0,1,1,0,0,1,1,0,1,1,0,1,1,1
1673.0,Low,0,7,1,6,1,0,0,65.0,0,0,0,0,1,0,0,0,0,1,1,1,0,1,1,0,1,1,1
518.0,Low,0,19,1,1,4,1,0,90.0,0,0,0,0,0,0,1,1,0,1,1,0,0,1,0,0,0,0,-1
4631.0,High,1,1,2,1,5,0,0,35.0,0,0,0,0,1,0,1,1,0,0,0,1,0,1,0,0,1,1,-1
6209.0,High,1,2,2,1,19,-1,0,582.0,0,0,0,0,0,0,1,1,0,0,0,0,0,0,0,0,0,0,-1
2252.0,High,1,2,4,2,1,0,0,48.0,0,0,0,0,1,0,1,1,0,0,1,1,0,1,0,0,1,1,-1
2304.0,High,1,8,2,24,14,0,0,444.0,0,0,0,0,1,0,1,1,0,1,0,1,0,1,1,1,1,1,1
1887.0,High,1,1,1,15,4,-1,0,36.0,0,0,0,0,1,0,1,1,0,0,0,0,0,0,1,0,0,0,1
1218.0,Low,0,1,2,1,1,0,0,5.0,0,0,0,0,1,0,1,1,0,0,0,1,0,1,0,0,1,1,-1
1369.0,Low,0,3,7,4,18,0,0,37.0,0,0,0,0,1,0,1,1,0,0,1,1,0,1,1,0,1,1,1
761.0,Low,0,4,1,3,1,0,0,50.0,0,0,0,0,1,0,1,1,0,0,0,1,0,1,0,0,1,1,-1
2494.0,High,1,5,2,1,4,0,0,60.0,0,0,0,0,1,0,1,1,0,0,1,1,0,1,0,0,1,1,-1
1539.0,Low,0,11,1,12,2,0,0,15.0,0,0,0,0,1,0,0,0,0,0,0,1,0,1,0,0,1,1,-1
975.0,Low,0,1,3,1,3,-1,0,18.0,0,0,0,0,1,0,1,1,0,0,0,0,0,0,0,0,0,0,-1
670.0,Low,0,5,1,6,2,0,0,100.0,0,0,0,0,1,0,0,1,0,0,1,1,0,1,1,0,1,1,1
2807.0,High,1,9,1,1,3,-1,0,24.0,0,0,0,0,1,0,0,0,0,1,0,1,0,1,0,0,1,1,-1
1402.0,Low,0,11,2,10,4,0,0,45.0,0,0,0,0,0,0,1,1,0,1,0,1,0,1,0,1,1,1,-1
1583.0,Low,0,5,2,6,3,0,0,72.0,0,0,0,0,1,0,1,1,0,1,0,0,0,0,1,1,0,0,1
2808.0,High,1,3,9,1,7,-1,0,70.0,0,0,0,0,1,0,1,1,0,0,1,1,0,1,0,0,1,1,-1
2162.0,High,1,14,2,11,2,0,0,35.0,0,0,0,0,1,0,0,0,0,1,1,1,0,1,0,1,1,1,-1
1491.0,Low,0,2,6,2,1,0,0,24.0,0,0,0,0,1,0,1,1,0,0,0,1,0,1,0,0,1,1,-1
1737.0,Low,0,4,6,2,4,-1,0,41.0,0,0,0,0,1,0,1,1,0,0,0,1,0,1,0,0,1,1,-1
1247.0,Low,0,24,1,0,2,-1,0,54.0,0,0,0,0,1,0,0,0,0,0,1,1,0,1,1,0,1,1,1
1280.0,Low,0,1,2,1,1,-1,0,26.0,0,0,0,0,1,0,1,1,0,0,1,1,0,1,1,0,1,1,1
2533.0,High,1,4,2,1,7,0,0,22.0,0,0,0,0,1,0,1,1,0,0,1,1,0,1,0,0,1,1,-1
2598.0,High,1,14,9,1,15,-1,0,33.0,0,0,0,0,1,0,1,1,0,0,1,0,0,1,1,0,1,0,1
1003.0,Low,0,7,8,2,1,-1,0,5.0,0,0,0,0,1,0,1,1,0,0,1,1,0,1,0,0,1,1,-1
1857.0,High,1,2,1,9,4,-1,0,120.0,0,0,0,0,1,0,1,1,0,1,1,1,0,1,1,1,1,1,1
1431.0,Low,0,3,1,1,4,-1,0,30.0,0,0,0,0,1,0,1,1,0,1,1,0,0,1,1,1,1,0,1
730.0,Low,0,2,1,0,6,-1,0,29.0,0,0,0,0,1,0,1,1,0,1,0,0,0,0,0,0,0,0,-1
1841.0,High,1,11,1,5,2,0,0,71.0,0,0,0,0,1,0,1,1,0,1,1,1,0,1,1,1,1,1,1
1902.0,High,1,6,1,1,5,0,0,43.0,0,0,0,0,1,0,1,1,0,0,1,0,0,0,0,0,0,0,-1
853.0,Low,0,4,1,1,4,-1,0,13.0,0,0,0,0,0,0,1,1,0,1,1,1,0,1,1,0,1,1,1
1826.0,High,1,8,4,1,4,0,0,33.0,0,0,0,0,1,0,0,0,0,0,0,0,0,0,0,0,0,0,-1
2830.0,High,1,2,2,1,1,-1,0,82.0,0,0,0,0,1,0,1,1,0,0,1,0,0,1,0,0,1,0,-1
2386.0,High,1,18,3,25,10,-1,0,70.0,0,0,0,0,1,0,1,1,1,1,0,1,0,1,1,1,1,1,1
1401.0,Low,0,1,2,1,5,-1,0,24.0,0,0,0,0,0,1,1,1,0,0,0,0,0,0,0,0,0,0,-1
1157.0,Low,0,3,4,3,5,0,0,52.0,0,0,0,0,1,0,1,1,0,1,1,1,0,1,1,1,1,0,1
1157.0,Low,0,4,1,1,6,-1,0,40.0,0,0,0,0,1,0,1,1,0,0,1,1,0,1,1,0,1,1,1
1234.0,Low,0,4,1,5,4,0,0,75.0,0,0,0,0,1,0,1,1,0,0,0,0,0,0,0,0,0,0,-1
1978.0,High,1,7,2,1,5,-1,0,4.0,0,0,0,0,1,0,0,0,0,1,1,1,0,1,0,0,1,1,-1
2710.0,High,1,8,1,101,4,0,0,507.0,0,0,0,0,1,0,0,1,0,1,1,0,0,0,1,0,0,0,1
1935.0,High,1,5,3,5,14,-1,0,40.0,0,0,0,0,1,0,1,1,0,0,1,1,0,1,0,0,1,1,-1
2617.0,High,1,2,1,1,5,-1,0,22.0,0,0,0,0,1,0,1,1,0,1,0,0,0,1,0,1,1,0,-1
1781.0,Low,0,3,2,15,6,1,1,96.0,0,0,0,0,0,1,1,1,0,1,1,0,0,0,1,0,0,0,1
2882.0,High,1,10,11,1,6,-1,0,16.0,0,0,0,0,1,0,1,1,0,0,1,1,0,1,0,0,1,1,-1
2069.0,High,1,1,2,1,2,-1,0,41.0,0,0,0,0,1,0,1,1,0,0,0,0,0,0,0,0,0,0,-1
2131.0,High,1,5,3,1,21,-1,0,35.0,0,0,0,0,1,0,1,1,1,0,1,1,0,1,1,0,1,1,1
1946.0,High,1,2,1,1,1,-1,0,5.0,0,0,0,0,1,0,1,1,0,1,1,1,0,1,0,1,1,1,-1
884.0,Low,0,5,1,4,1,-1,0,26.0,0,0,0,0,1,0,1,1,0,1,1,1,0,1,1,1,1,1,1
3926.0,High,1,2,11,1,23,-1,0,37.0,0,0,0,0,1,0,1,1,0,0,1,1,0,1,0,0,1,1,-1
2465.0,High,1,4,3,4,20,1,0,56.0,0,0,0,0,1,0,0,1,1,0,1,1,0,1,0,0,1,1,-1
3440.0,High,1,6,1,3,16,0,0,43.0,0,0,0,0,1,0,1,1,0,0,0,0,0,0,0,0,0,0,-1
1646.0,Low,0,2,5,1,12,1,1,7.0,0,0,0,0,1,0,1,1,0,0,1,1,0,1,0,0,1,1,-1
1461.0,Low,0,0,2,1,1,-1,1,30.0,0,0,0,0,1,0,1,1,0,0,0,0,0,0,0,0,0,0,-1
2343.0,High,1,5,3,1,67,-1,0,43.0,0,0,0,0,1,0,1,1,1,0,0,1,0,1,0,0,1,1,-1
342.0,Low,0,9,2,1,2,0,0,32.0,0,0,0,0,0,1,1,1,0,1,1,0,0,0,1,1,0,0,1
